[2026-04-01 15:27:29.229] [info]    : Logger initialized with level: info
[2026-04-01 15:27:29.473] [info]    : Config loaded: /Users/dashygo/Dev/Hardware/RISC/sims/../build/config.json
[2026-04-01 15:27:29.473] [info]    : DEMU Simulator Initializing...
[2026-04-01 15:27:29.473] [info] hal: --- Device Map Summary ---
[2026-04-01 15:27:29.473] [info] hal: Active Devices: 4 / 4 ports
[2026-04-01 15:27:29.473] [info] hal: Port  0: imem                 [0x00000000 - 0x0003FFFF] (  262144 bytes)
[2026-04-01 15:27:29.473] [info] hal: Port  2: uart                 [0x10000000 - 0x10000FFF] (    4096 bytes)
[2026-04-01 15:27:29.473] [info] hal: Port  3: clint                [0x20000000 - 0x2000FFFF] (   65536 bytes)
[2026-04-01 15:27:29.473] [info] hal: Port  1: dmem                 [0x80000000 - 0x8003FFFF] (  262144 bytes)
[2026-04-01 15:27:29.473] [info]    : Resetting...
[2026-04-01 15:27:29.476] [info]    : System Reset Complete. PC: 0x00000000
[2026-04-01 15:27:29.476] [info]    : ELF segment: .text@0x00000000 addr=0x00000000 filesz=0x4e64 memsz=0x4e64
[2026-04-01 15:27:29.476] [info]    : ELF segment: .data@0x80000000 addr=0x80000000 filesz=0x58 memsz=0x40c
[2026-04-01 15:27:29.476] [info]    : Parsed 2 loadable segments, entry=0x00000000
[2026-04-01 15:27:29.476] [info]    : ELF entry point: 0x00000000, 2 loadable sections
[2026-04-01 15:27:29.476] [info]    : Loaded section '.text@0x00000000' at 0x00000000 (20068 bytes)
[2026-04-01 15:27:29.476] [info]    : Loaded section '.data@0x80000000' at 0x80000000 (88 bytes)
[2026-04-01 15:27:29.476] [info]    : ELF loaded successfully. Entry: 0x00000000
[2026-04-01 15:27:29.476] [info]    : Starting DEMU Simulation...
[2026-04-01 15:27:29.476] [info]    : RETIRE | Cycle     26 | PC=0x00000000 | Inst=0x30001073 (csrrw   x0, x0, 0x300)
[2026-04-01 15:27:29.476] [info]    : RETIRE | Cycle     28 | PC=0x00000004 | Inst=0x30401073 (csrrw   x0, x0, 0x304)
[2026-04-01 15:27:29.476] [info]    : RETIRE | Cycle     30 | PC=0x00000008 | Inst=0x80040117 (auipc   x2, 0x80040000)
[2026-04-01 15:27:29.476] [info]    : RETIRE | Cycle     32 | PC=0x0000000c | Inst=0xff810113 (addi    x2, x2, -8)
[2026-04-01 15:27:29.476] [info]    : RETIRE | Cycle     34 | PC=0x00000010 | Inst=0x00000413 (addi    x8, x0, 0)
[2026-04-01 15:27:29.476] [info]    : RETIRE | Cycle     36 | PC=0x00000014 | Inst=0x80000297 (auipc   x5, 0x80000000)
[2026-04-01 15:27:29.476] [info]    : RETIRE | Cycle     38 | PC=0x00000018 | Inst=0x04428293 (addi    x5, x5, 68)
[2026-04-01 15:27:29.476] [info]    : RETIRE | Cycle     40 | PC=0x0000001c | Inst=0x80000317 (auipc   x6, 0x80000000)
[2026-04-01 15:27:29.476] [info]    : RETIRE | Cycle     42 | PC=0x00000020 | Inst=0x3b430313 (addi    x6, x6, 948)
[2026-04-01 15:27:29.476] [info]    : RETIRE | Cycle     44 | PC=0x00000024 | Inst=0x00628863 (beq     x5, x6, 16)
[2026-04-01 15:27:29.476] [info]    : RETIRE | Cycle     56 | PC=0x00000028 | Inst=0x00028023 (sb      x0, 0(x5))
[2026-04-01 15:27:29.476] [info]    : RETIRE | Cycle     58 | PC=0x0000002c | Inst=0x00128293 (addi    x5, x5, 1)
[2026-04-01 15:27:29.476] [info]    : RETIRE | Cycle     84 | PC=0x00000028 | Inst=0x00028023 (sb      x0, 0(x5))
[2026-04-01 15:27:29.476] [info]    : RETIRE | Cycle     86 | PC=0x0000002c | Inst=0x00128293 (addi    x5, x5, 1)
[2026-04-01 15:27:29.476] [info]    : RETIRE | Cycle     96 | PC=0x00000028 | Inst=0x00028023 (sb      x0, 0(x5))
[2026-04-01 15:27:29.476] [info]    : RETIRE | Cycle     98 | PC=0x0000002c | Inst=0x00128293 (addi    x5, x5, 1)
[2026-04-01 15:27:29.476] [info]    : RETIRE | Cycle     99 | PC=0x00000030 | Inst=0xfe62ece3 (bltu    x5, x6, -8)
[2026-04-01 15:27:29.476] [info]    : RETIRE | Cycle    102 | PC=0x00000028 | Inst=0x00028023 (sb      x0, 0(x5))
[2026-04-01 15:27:29.476] [info]    : RETIRE | Cycle    104 | PC=0x0000002c | Inst=0x00128293 (addi    x5, x5, 1)
[2026-04-01 15:27:29.477] [info]    : RETIRE | Cycle    105 | PC=0x00000030 | Inst=0xfe62ece3 (bltu    x5, x6, -8)
[2026-04-01 15:27:29.477] [info]    : RETIRE | Cycle    108 | PC=0x00000028 | Inst=0x00028023 (sb      x0, 0(x5))
[2026-04-01 15:27:29.477] [info]    : RETIRE | Cycle    110 | PC=0x0000002c | Inst=0x00128293 (addi    x5, x5, 1)
[2026-04-01 15:27:29.477] [info]    : RETIRE | Cycle    111 | PC=0x00000030 | Inst=0xfe62ece3 (bltu    x5, x6, -8)
[2026-04-01 15:27:29.477] [info]    : RETIRE | Cycle    114 | PC=0x00000028 | Inst=0x00028023 (sb      x0, 0(x5))
[2026-04-01 15:27:29.477] [info]    : RETIRE | Cycle    116 | PC=0x0000002c | Inst=0x00128293 (addi    x5, x5, 1)
[2026-04-01 15:27:29.477] [info]    : RETIRE | Cycle    117 | PC=0x00000030 | Inst=0xfe62ece3 (bltu    x5, x6, -8)
[2026-04-01 15:27:29.477] [info]    : RETIRE | Cycle    120 | PC=0x00000028 | Inst=0x00028023 (sb      x0, 0(x5))
[2026-04-01 15:27:29.477] [info]    : RETIRE | Cycle    122 | PC=0x0000002c | Inst=0x00128293 (addi    x5, x5, 1)
[2026-04-01 15:27:29.477] [info]    : RETIRE | Cycle    123 | PC=0x00000030 | Inst=0xfe62ece3 (bltu    x5, x6, -8)
[2026-04-01 15:27:29.477] [info]    : RETIRE | Cycle    126 | PC=0x00000028 | Inst=0x00028023 (sb      x0, 0(x5))
[2026-04-01 15:27:29.477] [info]    : RETIRE | Cycle    128 | PC=0x0000002c | Inst=0x00128293 (addi    x5, x5, 1)
[2026-04-01 15:27:29.477] [info]    : RETIRE | Cycle    129 | PC=0x00000030 | Inst=0xfe62ece3 (bltu    x5, x6, -8)
[2026-04-01 15:27:29.477] [info]    : RETIRE | Cycle    140 | PC=0x00000028 | Inst=0x00028023 (sb      x0, 0(x5))
[2026-04-01 15:27:29.477] [info]    : RETIRE | Cycle    142 | PC=0x0000002c | Inst=0x00128293 (addi    x5, x5, 1)
[2026-04-01 15:27:29.477] [info]    : RETIRE | Cycle    143 | PC=0x00000030 | Inst=0xfe62ece3 (bltu    x5, x6, -8)
[2026-04-01 15:27:29.477] [info]    : RETIRE | Cycle    146 | PC=0x00000028 | Inst=0x00028023 (sb      x0, 0(x5))
[2026-04-01 15:27:29.477] [info]    : RETIRE | Cycle    147 | PC=0x0000002c | Inst=0x00128293 (addi    x5, x5, 1)
[2026-04-01 15:27:29.477] [info]    : RETIRE | Cycle    148 | PC=0x00000030 | Inst=0xfe62ece3 (bltu    x5, x6, -8)
[2026-04-01 15:27:29.477] [info]    : RETIRE | Cycle    151 | PC=0x00000028 | Inst=0x00028023 (sb      x0, 0(x5))
[2026-04-01 15:27:29.477] [info]    : RETIRE | Cycle    152 | PC=0x0000002c | Inst=0x00128293 (addi    x5, x5, 1)
[2026-04-01 15:27:29.477] [info]    : RETIRE | Cycle    153 | PC=0x00000030 | Inst=0xfe62ece3 (bltu    x5, x6, -8)
[2026-04-01 15:27:29.477] [info]    : RETIRE | Cycle    156 | PC=0x00000028 | Inst=0x00028023 (sb      x0, 0(x5))
[2026-04-01 15:27:29.477] [info]    : RETIRE | Cycle    157 | PC=0x0000002c | Inst=0x00128293 (addi    x5, x5, 1)
[2026-04-01 15:27:29.477] [info]    : RETIRE | Cycle    158 | PC=0x00000030 | Inst=0xfe62ece3 (bltu    x5, x6, -8)
[2026-04-01 15:27:29.477] [info]    : RETIRE | Cycle    161 | PC=0x00000028 | Inst=0x00028023 (sb      x0, 0(x5))
[2026-04-01 15:27:29.477] [info]    : RETIRE | Cycle    162 | PC=0x0000002c | Inst=0x00128293 (addi    x5, x5, 1)
[2026-04-01 15:27:29.477] [info]    : RETIRE | Cycle    163 | PC=0x00000030 | Inst=0xfe62ece3 (bltu    x5, x6, -8)
[2026-04-01 15:27:29.477] [info]    : RETIRE | Cycle    166 | PC=0x00000028 | Inst=0x00028023 (sb      x0, 0(x5))
[2026-04-01 15:27:29.477] [info]    : RETIRE | Cycle    167 | PC=0x0000002c | Inst=0x00128293 (addi    x5, x5, 1)
[2026-04-01 15:27:29.477] [info]    : RETIRE | Cycle    168 | PC=0x00000030 | Inst=0xfe62ece3 (bltu    x5, x6, -8)
[2026-04-01 15:27:29.477] [info]    : RETIRE | Cycle    171 | PC=0x00000028 | Inst=0x00028023 (sb      x0, 0(x5))
[2026-04-01 15:27:29.477] [info]    : RETIRE | Cycle    172 | PC=0x0000002c | Inst=0x00128293 (addi    x5, x5, 1)
[2026-04-01 15:27:29.477] [info]    : RETIRE | Cycle    173 | PC=0x00000030 | Inst=0xfe62ece3 (bltu    x5, x6, -8)
[2026-04-01 15:27:29.477] [info]    : RETIRE | Cycle    176 | PC=0x00000028 | Inst=0x00028023 (sb      x0, 0(x5))
[2026-04-01 15:27:29.477] [info]    : RETIRE | Cycle    177 | PC=0x0000002c | Inst=0x00128293 (addi    x5, x5, 1)
[2026-04-01 15:27:29.477] [info]    : RETIRE | Cycle    178 | PC=0x00000030 | Inst=0xfe62ece3 (bltu    x5, x6, -8)
[2026-04-01 15:27:29.477] [info]    : RETIRE | Cycle    181 | PC=0x00000028 | Inst=0x00028023 (sb      x0, 0(x5))
[2026-04-01 15:27:29.477] [info]    : RETIRE | Cycle    182 | PC=0x0000002c | Inst=0x00128293 (addi    x5, x5, 1)
[2026-04-01 15:27:29.477] [info]    : RETIRE | Cycle    184 | PC=0x00000030 | Inst=0xfe62ece3 (bltu    x5, x6, -8)
[2026-04-01 15:27:29.477] [info]    : RETIRE | Cycle    187 | PC=0x00000028 | Inst=0x00028023 (sb      x0, 0(x5))
[2026-04-01 15:27:29.477] [info]    : RETIRE | Cycle    188 | PC=0x0000002c | Inst=0x00128293 (addi    x5, x5, 1)
[2026-04-01 15:27:29.477] [info]    : RETIRE | Cycle    190 | PC=0x00000030 | Inst=0xfe62ece3 (bltu    x5, x6, -8)
[2026-04-01 15:27:29.477] [info]    : RETIRE | Cycle    193 | PC=0x00000028 | Inst=0x00028023 (sb      x0, 0(x5))
[2026-04-01 15:27:29.477] [info]    : RETIRE | Cycle    194 | PC=0x0000002c | Inst=0x00128293 (addi    x5, x5, 1)
[2026-04-01 15:27:29.477] [info]    : RETIRE | Cycle    196 | PC=0x00000030 | Inst=0xfe62ece3 (bltu    x5, x6, -8)
[2026-04-01 15:27:29.477] [info]    : RETIRE | Cycle    199 | PC=0x00000028 | Inst=0x00028023 (sb      x0, 0(x5))
[2026-04-01 15:27:29.477] [info]    : RETIRE | Cycle    200 | PC=0x0000002c | Inst=0x00128293 (addi    x5, x5, 1)
[2026-04-01 15:27:29.477] [info]    : RETIRE | Cycle    202 | PC=0x00000030 | Inst=0xfe62ece3 (bltu    x5, x6, -8)
[2026-04-01 15:27:29.477] [info]    : RETIRE | Cycle    205 | PC=0x00000028 | Inst=0x00028023 (sb      x0, 0(x5))
[2026-04-01 15:27:29.477] [info]    : RETIRE | Cycle    206 | PC=0x0000002c | Inst=0x00128293 (addi    x5, x5, 1)
[2026-04-01 15:27:29.477] [info]    : RETIRE | Cycle    208 | PC=0x00000030 | Inst=0xfe62ece3 (bltu    x5, x6, -8)
[2026-04-01 15:27:29.477] [info]    : RETIRE | Cycle    211 | PC=0x00000028 | Inst=0x00028023 (sb      x0, 0(x5))
[2026-04-01 15:27:29.477] [info]    : RETIRE | Cycle    212 | PC=0x0000002c | Inst=0x00128293 (addi    x5, x5, 1)
[2026-04-01 15:27:29.477] [info]    : RETIRE | Cycle    214 | PC=0x00000030 | Inst=0xfe62ece3 (bltu    x5, x6, -8)
[2026-04-01 15:27:29.477] [info]    : RETIRE | Cycle    217 | PC=0x00000028 | Inst=0x00028023 (sb      x0, 0(x5))
[2026-04-01 15:27:29.477] [info]    : RETIRE | Cycle    218 | PC=0x0000002c | Inst=0x00128293 (addi    x5, x5, 1)
[2026-04-01 15:27:29.477] [info]    : RETIRE | Cycle    220 | PC=0x00000030 | Inst=0xfe62ece3 (bltu    x5, x6, -8)
[2026-04-01 15:27:29.477] [info]    : RETIRE | Cycle    223 | PC=0x00000028 | Inst=0x00028023 (sb      x0, 0(x5))
[2026-04-01 15:27:29.477] [info]    : RETIRE | Cycle    224 | PC=0x0000002c | Inst=0x00128293 (addi    x5, x5, 1)
[2026-04-01 15:27:29.477] [info]    : RETIRE | Cycle    226 | PC=0x00000030 | Inst=0xfe62ece3 (bltu    x5, x6, -8)
[2026-04-01 15:27:29.477] [info]    : RETIRE | Cycle    237 | PC=0x00000028 | Inst=0x00028023 (sb      x0, 0(x5))
[2026-04-01 15:27:29.477] [info]    : RETIRE | Cycle    238 | PC=0x0000002c | Inst=0x00128293 (addi    x5, x5, 1)
[2026-04-01 15:27:29.477] [info]    : RETIRE | Cycle    240 | PC=0x00000030 | Inst=0xfe62ece3 (bltu    x5, x6, -8)
[2026-04-01 15:27:29.477] [info]    : RETIRE | Cycle    243 | PC=0x00000028 | Inst=0x00028023 (sb      x0, 0(x5))
[2026-04-01 15:27:29.477] [info]    : RETIRE | Cycle    244 | PC=0x0000002c | Inst=0x00128293 (addi    x5, x5, 1)
[2026-04-01 15:27:29.477] [info]    : RETIRE | Cycle    245 | PC=0x00000030 | Inst=0xfe62ece3 (bltu    x5, x6, -8)
[2026-04-01 15:27:29.477] [info]    : RETIRE | Cycle    248 | PC=0x00000028 | Inst=0x00028023 (sb      x0, 0(x5))
[2026-04-01 15:27:29.477] [info]    : RETIRE | Cycle    249 | PC=0x0000002c | Inst=0x00128293 (addi    x5, x5, 1)
[2026-04-01 15:27:29.477] [info]    : RETIRE | Cycle    250 | PC=0x00000030 | Inst=0xfe62ece3 (bltu    x5, x6, -8)
[2026-04-01 15:27:29.477] [info]    : RETIRE | Cycle    253 | PC=0x00000028 | Inst=0x00028023 (sb      x0, 0(x5))
[2026-04-01 15:27:29.477] [info]    : RETIRE | Cycle    254 | PC=0x0000002c | Inst=0x00128293 (addi    x5, x5, 1)
[2026-04-01 15:27:29.477] [info]    : RETIRE | Cycle    255 | PC=0x00000030 | Inst=0xfe62ece3 (bltu    x5, x6, -8)
[2026-04-01 15:27:29.477] [info]    : RETIRE | Cycle    258 | PC=0x00000028 | Inst=0x00028023 (sb      x0, 0(x5))
[2026-04-01 15:27:29.477] [info]    : RETIRE | Cycle    259 | PC=0x0000002c | Inst=0x00128293 (addi    x5, x5, 1)
[2026-04-01 15:27:29.477] [info]    : RETIRE | Cycle    260 | PC=0x00000030 | Inst=0xfe62ece3 (bltu    x5, x6, -8)
[2026-04-01 15:27:29.477] [info]    : RETIRE | Cycle    263 | PC=0x00000028 | Inst=0x00028023 (sb      x0, 0(x5))
[2026-04-01 15:27:29.477] [info]    : RETIRE | Cycle    264 | PC=0x0000002c | Inst=0x00128293 (addi    x5, x5, 1)
[2026-04-01 15:27:29.477] [info]    : RETIRE | Cycle    265 | PC=0x00000030 | Inst=0xfe62ece3 (bltu    x5, x6, -8)
[2026-04-01 15:27:29.477] [info]    : RETIRE | Cycle    268 | PC=0x00000028 | Inst=0x00028023 (sb      x0, 0(x5))
[2026-04-01 15:27:29.478] [info]    : RETIRE | Cycle    269 | PC=0x0000002c | Inst=0x00128293 (addi    x5, x5, 1)
[2026-04-01 15:27:29.478] [info]    : RETIRE | Cycle    270 | PC=0x00000030 | Inst=0xfe62ece3 (bltu    x5, x6, -8)
[2026-04-01 15:27:29.478] [info]    : RETIRE | Cycle    273 | PC=0x00000028 | Inst=0x00028023 (sb      x0, 0(x5))
[2026-04-01 15:27:29.478] [info]    : RETIRE | Cycle    274 | PC=0x0000002c | Inst=0x00128293 (addi    x5, x5, 1)
[2026-04-01 15:27:29.478] [info]    : RETIRE | Cycle    275 | PC=0x00000030 | Inst=0xfe62ece3 (bltu    x5, x6, -8)
[2026-04-01 15:27:29.478] [info]    : RETIRE | Cycle    278 | PC=0x00000028 | Inst=0x00028023 (sb      x0, 0(x5))
[2026-04-01 15:27:29.478] [info]    : RETIRE | Cycle    279 | PC=0x0000002c | Inst=0x00128293 (addi    x5, x5, 1)
[2026-04-01 15:27:29.478] [info]    : RETIRE | Cycle    280 | PC=0x00000030 | Inst=0xfe62ece3 (bltu    x5, x6, -8)
[2026-04-01 15:27:29.478] [info]    : RETIRE | Cycle    283 | PC=0x00000028 | Inst=0x00028023 (sb      x0, 0(x5))
[2026-04-01 15:27:29.478] [info]    : RETIRE | Cycle    284 | PC=0x0000002c | Inst=0x00128293 (addi    x5, x5, 1)
[2026-04-01 15:27:29.478] [info]    : RETIRE | Cycle    286 | PC=0x00000030 | Inst=0xfe62ece3 (bltu    x5, x6, -8)
[2026-04-01 15:27:29.478] [info]    : RETIRE | Cycle    289 | PC=0x00000028 | Inst=0x00028023 (sb      x0, 0(x5))
[2026-04-01 15:27:29.478] [info]    : RETIRE | Cycle    290 | PC=0x0000002c | Inst=0x00128293 (addi    x5, x5, 1)
[2026-04-01 15:27:29.478] [info]    : RETIRE | Cycle    292 | PC=0x00000030 | Inst=0xfe62ece3 (bltu    x5, x6, -8)
[2026-04-01 15:27:29.478] [info]    : RETIRE | Cycle    295 | PC=0x00000028 | Inst=0x00028023 (sb      x0, 0(x5))
[2026-04-01 15:27:29.478] [info]    : RETIRE | Cycle    296 | PC=0x0000002c | Inst=0x00128293 (addi    x5, x5, 1)
[2026-04-01 15:27:29.478] [info]    : RETIRE | Cycle    298 | PC=0x00000030 | Inst=0xfe62ece3 (bltu    x5, x6, -8)
[2026-04-01 15:27:29.478] [info]    : RETIRE | Cycle    301 | PC=0x00000028 | Inst=0x00028023 (sb      x0, 0(x5))
[2026-04-01 15:27:29.478] [info]    : RETIRE | Cycle    302 | PC=0x0000002c | Inst=0x00128293 (addi    x5, x5, 1)
[2026-04-01 15:27:29.478] [info]    : RETIRE | Cycle    304 | PC=0x00000030 | Inst=0xfe62ece3 (bltu    x5, x6, -8)
[2026-04-01 15:27:29.478] [info]    : RETIRE | Cycle    307 | PC=0x00000028 | Inst=0x00028023 (sb      x0, 0(x5))
[2026-04-01 15:27:29.478] [info]    : RETIRE | Cycle    308 | PC=0x0000002c | Inst=0x00128293 (addi    x5, x5, 1)
[2026-04-01 15:27:29.478] [info]    : RETIRE | Cycle    310 | PC=0x00000030 | Inst=0xfe62ece3 (bltu    x5, x6, -8)
[2026-04-01 15:27:29.478] [info]    : RETIRE | Cycle    313 | PC=0x00000028 | Inst=0x00028023 (sb      x0, 0(x5))
[2026-04-01 15:27:29.478] [info]    : RETIRE | Cycle    314 | PC=0x0000002c | Inst=0x00128293 (addi    x5, x5, 1)
[2026-04-01 15:27:29.478] [info]    : RETIRE | Cycle    316 | PC=0x00000030 | Inst=0xfe62ece3 (bltu    x5, x6, -8)
[2026-04-01 15:27:29.478] [info]    : RETIRE | Cycle    319 | PC=0x00000028 | Inst=0x00028023 (sb      x0, 0(x5))
[2026-04-01 15:27:29.478] [info]    : RETIRE | Cycle    320 | PC=0x0000002c | Inst=0x00128293 (addi    x5, x5, 1)
[2026-04-01 15:27:29.478] [info]    : RETIRE | Cycle    322 | PC=0x00000030 | Inst=0xfe62ece3 (bltu    x5, x6, -8)
[2026-04-01 15:27:29.478] [info]    : RETIRE | Cycle    333 | PC=0x00000028 | Inst=0x00028023 (sb      x0, 0(x5))
[2026-04-01 15:27:29.478] [info]    : RETIRE | Cycle    334 | PC=0x0000002c | Inst=0x00128293 (addi    x5, x5, 1)
[2026-04-01 15:27:29.478] [info]    : RETIRE | Cycle    336 | PC=0x00000030 | Inst=0xfe62ece3 (bltu    x5, x6, -8)
[2026-04-01 15:27:29.478] [info]    : RETIRE | Cycle    339 | PC=0x00000028 | Inst=0x00028023 (sb      x0, 0(x5))
[2026-04-01 15:27:29.478] [info]    : RETIRE | Cycle    340 | PC=0x0000002c | Inst=0x00128293 (addi    x5, x5, 1)
[2026-04-01 15:27:29.478] [info]    : RETIRE | Cycle    341 | PC=0x00000030 | Inst=0xfe62ece3 (bltu    x5, x6, -8)
[2026-04-01 15:27:29.478] [info]    : RETIRE | Cycle    344 | PC=0x00000028 | Inst=0x00028023 (sb      x0, 0(x5))
[2026-04-01 15:27:29.478] [info]    : RETIRE | Cycle    345 | PC=0x0000002c | Inst=0x00128293 (addi    x5, x5, 1)
[2026-04-01 15:27:29.478] [info]    : RETIRE | Cycle    346 | PC=0x00000030 | Inst=0xfe62ece3 (bltu    x5, x6, -8)
[2026-04-01 15:27:29.478] [info]    : RETIRE | Cycle    349 | PC=0x00000028 | Inst=0x00028023 (sb      x0, 0(x5))
[2026-04-01 15:27:29.478] [info]    : RETIRE | Cycle    350 | PC=0x0000002c | Inst=0x00128293 (addi    x5, x5, 1)
[2026-04-01 15:27:29.478] [info]    : RETIRE | Cycle    351 | PC=0x00000030 | Inst=0xfe62ece3 (bltu    x5, x6, -8)
[2026-04-01 15:27:29.478] [info]    : RETIRE | Cycle    354 | PC=0x00000028 | Inst=0x00028023 (sb      x0, 0(x5))
[2026-04-01 15:27:29.478] [info]    : RETIRE | Cycle    355 | PC=0x0000002c | Inst=0x00128293 (addi    x5, x5, 1)
[2026-04-01 15:27:29.478] [info]    : RETIRE | Cycle    356 | PC=0x00000030 | Inst=0xfe62ece3 (bltu    x5, x6, -8)
[2026-04-01 15:27:29.478] [info]    : RETIRE | Cycle    359 | PC=0x00000028 | Inst=0x00028023 (sb      x0, 0(x5))
[2026-04-01 15:27:29.478] [info]    : RETIRE | Cycle    360 | PC=0x0000002c | Inst=0x00128293 (addi    x5, x5, 1)
[2026-04-01 15:27:29.478] [info]    : RETIRE | Cycle    361 | PC=0x00000030 | Inst=0xfe62ece3 (bltu    x5, x6, -8)
[2026-04-01 15:27:29.478] [info]    : RETIRE | Cycle    364 | PC=0x00000028 | Inst=0x00028023 (sb      x0, 0(x5))
[2026-04-01 15:27:29.478] [info]    : RETIRE | Cycle    365 | PC=0x0000002c | Inst=0x00128293 (addi    x5, x5, 1)
[2026-04-01 15:27:29.478] [info]    : RETIRE | Cycle    366 | PC=0x00000030 | Inst=0xfe62ece3 (bltu    x5, x6, -8)
[2026-04-01 15:27:29.478] [info]    : RETIRE | Cycle    369 | PC=0x00000028 | Inst=0x00028023 (sb      x0, 0(x5))
[2026-04-01 15:27:29.478] [info]    : RETIRE | Cycle    370 | PC=0x0000002c | Inst=0x00128293 (addi    x5, x5, 1)
[2026-04-01 15:27:29.478] [info]    : RETIRE | Cycle    371 | PC=0x00000030 | Inst=0xfe62ece3 (bltu    x5, x6, -8)
[2026-04-01 15:27:29.478] [info]    : RETIRE | Cycle    374 | PC=0x00000028 | Inst=0x00028023 (sb      x0, 0(x5))
[2026-04-01 15:27:29.478] [info]    : RETIRE | Cycle    375 | PC=0x0000002c | Inst=0x00128293 (addi    x5, x5, 1)
[2026-04-01 15:27:29.478] [info]    : RETIRE | Cycle    376 | PC=0x00000030 | Inst=0xfe62ece3 (bltu    x5, x6, -8)
[2026-04-01 15:27:29.478] [info]    : RETIRE | Cycle    379 | PC=0x00000028 | Inst=0x00028023 (sb      x0, 0(x5))
[2026-04-01 15:27:29.478] [info]    : RETIRE | Cycle    380 | PC=0x0000002c | Inst=0x00128293 (addi    x5, x5, 1)
[2026-04-01 15:27:29.478] [info]    : RETIRE | Cycle    382 | PC=0x00000030 | Inst=0xfe62ece3 (bltu    x5, x6, -8)
[2026-04-01 15:27:29.478] [info]    : RETIRE | Cycle    385 | PC=0x00000028 | Inst=0x00028023 (sb      x0, 0(x5))
[2026-04-01 15:27:29.478] [info]    : RETIRE | Cycle    386 | PC=0x0000002c | Inst=0x00128293 (addi    x5, x5, 1)
[2026-04-01 15:27:29.478] [info]    : RETIRE | Cycle    388 | PC=0x00000030 | Inst=0xfe62ece3 (bltu    x5, x6, -8)
[2026-04-01 15:27:29.478] [info]    : RETIRE | Cycle    391 | PC=0x00000028 | Inst=0x00028023 (sb      x0, 0(x5))
[2026-04-01 15:27:29.478] [info]    : RETIRE | Cycle    392 | PC=0x0000002c | Inst=0x00128293 (addi    x5, x5, 1)
[2026-04-01 15:27:29.478] [info]    : RETIRE | Cycle    394 | PC=0x00000030 | Inst=0xfe62ece3 (bltu    x5, x6, -8)
[2026-04-01 15:27:29.478] [info]    : RETIRE | Cycle    397 | PC=0x00000028 | Inst=0x00028023 (sb      x0, 0(x5))
[2026-04-01 15:27:29.478] [info]    : RETIRE | Cycle    398 | PC=0x0000002c | Inst=0x00128293 (addi    x5, x5, 1)
[2026-04-01 15:27:29.478] [info]    : RETIRE | Cycle    400 | PC=0x00000030 | Inst=0xfe62ece3 (bltu    x5, x6, -8)
[2026-04-01 15:27:29.478] [info]    : RETIRE | Cycle    403 | PC=0x00000028 | Inst=0x00028023 (sb      x0, 0(x5))
[2026-04-01 15:27:29.478] [info]    : RETIRE | Cycle    404 | PC=0x0000002c | Inst=0x00128293 (addi    x5, x5, 1)
[2026-04-01 15:27:29.478] [info]    : RETIRE | Cycle    406 | PC=0x00000030 | Inst=0xfe62ece3 (bltu    x5, x6, -8)
[2026-04-01 15:27:29.478] [info]    : RETIRE | Cycle    409 | PC=0x00000028 | Inst=0x00028023 (sb      x0, 0(x5))
[2026-04-01 15:27:29.478] [info]    : RETIRE | Cycle    410 | PC=0x0000002c | Inst=0x00128293 (addi    x5, x5, 1)
[2026-04-01 15:27:29.478] [info]    : RETIRE | Cycle    412 | PC=0x00000030 | Inst=0xfe62ece3 (bltu    x5, x6, -8)
[2026-04-01 15:27:29.478] [info]    : RETIRE | Cycle    415 | PC=0x00000028 | Inst=0x00028023 (sb      x0, 0(x5))
[2026-04-01 15:27:29.478] [info]    : RETIRE | Cycle    416 | PC=0x0000002c | Inst=0x00128293 (addi    x5, x5, 1)
[2026-04-01 15:27:29.478] [info]    : RETIRE | Cycle    418 | PC=0x00000030 | Inst=0xfe62ece3 (bltu    x5, x6, -8)
[2026-04-01 15:27:29.479] [info]    : RETIRE | Cycle    429 | PC=0x00000028 | Inst=0x00028023 (sb      x0, 0(x5))
[2026-04-01 15:27:29.479] [info]    : RETIRE | Cycle    430 | PC=0x0000002c | Inst=0x00128293 (addi    x5, x5, 1)
[2026-04-01 15:27:29.479] [info]    : RETIRE | Cycle    432 | PC=0x00000030 | Inst=0xfe62ece3 (bltu    x5, x6, -8)
[2026-04-01 15:27:29.479] [info]    : RETIRE | Cycle    435 | PC=0x00000028 | Inst=0x00028023 (sb      x0, 0(x5))
[2026-04-01 15:27:29.479] [info]    : RETIRE | Cycle    436 | PC=0x0000002c | Inst=0x00128293 (addi    x5, x5, 1)
[2026-04-01 15:27:29.479] [info]    : RETIRE | Cycle    437 | PC=0x00000030 | Inst=0xfe62ece3 (bltu    x5, x6, -8)
[2026-04-01 15:27:29.479] [info]    : RETIRE | Cycle    440 | PC=0x00000028 | Inst=0x00028023 (sb      x0, 0(x5))
[2026-04-01 15:27:29.479] [info]    : RETIRE | Cycle    441 | PC=0x0000002c | Inst=0x00128293 (addi    x5, x5, 1)
[2026-04-01 15:27:29.479] [info]    : RETIRE | Cycle    442 | PC=0x00000030 | Inst=0xfe62ece3 (bltu    x5, x6, -8)
[2026-04-01 15:27:29.479] [info]    : RETIRE | Cycle    445 | PC=0x00000028 | Inst=0x00028023 (sb      x0, 0(x5))
[2026-04-01 15:27:29.479] [info]    : RETIRE | Cycle    446 | PC=0x0000002c | Inst=0x00128293 (addi    x5, x5, 1)
[2026-04-01 15:27:29.479] [info]    : RETIRE | Cycle    447 | PC=0x00000030 | Inst=0xfe62ece3 (bltu    x5, x6, -8)
[2026-04-01 15:27:29.479] [info]    : RETIRE | Cycle    450 | PC=0x00000028 | Inst=0x00028023 (sb      x0, 0(x5))
[2026-04-01 15:27:29.479] [info]    : RETIRE | Cycle    451 | PC=0x0000002c | Inst=0x00128293 (addi    x5, x5, 1)
[2026-04-01 15:27:29.479] [info]    : RETIRE | Cycle    452 | PC=0x00000030 | Inst=0xfe62ece3 (bltu    x5, x6, -8)
[2026-04-01 15:27:29.479] [info]    : RETIRE | Cycle    455 | PC=0x00000028 | Inst=0x00028023 (sb      x0, 0(x5))
[2026-04-01 15:27:29.479] [info]    : RETIRE | Cycle    456 | PC=0x0000002c | Inst=0x00128293 (addi    x5, x5, 1)
[2026-04-01 15:27:29.479] [info]    : RETIRE | Cycle    457 | PC=0x00000030 | Inst=0xfe62ece3 (bltu    x5, x6, -8)
[2026-04-01 15:27:29.479] [info]    : RETIRE | Cycle    460 | PC=0x00000028 | Inst=0x00028023 (sb      x0, 0(x5))
[2026-04-01 15:27:29.479] [info]    : RETIRE | Cycle    461 | PC=0x0000002c | Inst=0x00128293 (addi    x5, x5, 1)
[2026-04-01 15:27:29.479] [info]    : RETIRE | Cycle    462 | PC=0x00000030 | Inst=0xfe62ece3 (bltu    x5, x6, -8)
[2026-04-01 15:27:29.479] [info]    : RETIRE | Cycle    465 | PC=0x00000028 | Inst=0x00028023 (sb      x0, 0(x5))
[2026-04-01 15:27:29.479] [info]    : RETIRE | Cycle    466 | PC=0x0000002c | Inst=0x00128293 (addi    x5, x5, 1)
[2026-04-01 15:27:29.479] [info]    : RETIRE | Cycle    467 | PC=0x00000030 | Inst=0xfe62ece3 (bltu    x5, x6, -8)
[2026-04-01 15:27:29.479] [info]    : RETIRE | Cycle    470 | PC=0x00000028 | Inst=0x00028023 (sb      x0, 0(x5))
[2026-04-01 15:27:29.479] [info]    : RETIRE | Cycle    471 | PC=0x0000002c | Inst=0x00128293 (addi    x5, x5, 1)
[2026-04-01 15:27:29.479] [info]    : RETIRE | Cycle    472 | PC=0x00000030 | Inst=0xfe62ece3 (bltu    x5, x6, -8)
[2026-04-01 15:27:29.479] [info]    : RETIRE | Cycle    475 | PC=0x00000028 | Inst=0x00028023 (sb      x0, 0(x5))
[2026-04-01 15:27:29.479] [info]    : RETIRE | Cycle    476 | PC=0x0000002c | Inst=0x00128293 (addi    x5, x5, 1)
[2026-04-01 15:27:29.479] [info]    : RETIRE | Cycle    478 | PC=0x00000030 | Inst=0xfe62ece3 (bltu    x5, x6, -8)
[2026-04-01 15:27:29.479] [info]    : RETIRE | Cycle    481 | PC=0x00000028 | Inst=0x00028023 (sb      x0, 0(x5))
[2026-04-01 15:27:29.479] [info]    : RETIRE | Cycle    482 | PC=0x0000002c | Inst=0x00128293 (addi    x5, x5, 1)
[2026-04-01 15:27:29.479] [info]    : RETIRE | Cycle    484 | PC=0x00000030 | Inst=0xfe62ece3 (bltu    x5, x6, -8)
[2026-04-01 15:27:29.479] [info]    : RETIRE | Cycle    487 | PC=0x00000028 | Inst=0x00028023 (sb      x0, 0(x5))
[2026-04-01 15:27:29.479] [info]    : RETIRE | Cycle    488 | PC=0x0000002c | Inst=0x00128293 (addi    x5, x5, 1)
[2026-04-01 15:27:29.479] [info]    : RETIRE | Cycle    490 | PC=0x00000030 | Inst=0xfe62ece3 (bltu    x5, x6, -8)
[2026-04-01 15:27:29.479] [info]    : RETIRE | Cycle    493 | PC=0x00000028 | Inst=0x00028023 (sb      x0, 0(x5))
[2026-04-01 15:27:29.479] [info]    : RETIRE | Cycle    494 | PC=0x0000002c | Inst=0x00128293 (addi    x5, x5, 1)
[2026-04-01 15:27:29.479] [info]    : RETIRE | Cycle    496 | PC=0x00000030 | Inst=0xfe62ece3 (bltu    x5, x6, -8)
[2026-04-01 15:27:29.479] [info]    : RETIRE | Cycle    499 | PC=0x00000028 | Inst=0x00028023 (sb      x0, 0(x5))
[2026-04-01 15:27:29.479] [info]    : RETIRE | Cycle    500 | PC=0x0000002c | Inst=0x00128293 (addi    x5, x5, 1)
[2026-04-01 15:27:29.479] [info]    : RETIRE | Cycle    502 | PC=0x00000030 | Inst=0xfe62ece3 (bltu    x5, x6, -8)
[2026-04-01 15:27:29.479] [info]    : RETIRE | Cycle    505 | PC=0x00000028 | Inst=0x00028023 (sb      x0, 0(x5))
[2026-04-01 15:27:29.479] [info]    : RETIRE | Cycle    506 | PC=0x0000002c | Inst=0x00128293 (addi    x5, x5, 1)
[2026-04-01 15:27:29.479] [info]    : RETIRE | Cycle    508 | PC=0x00000030 | Inst=0xfe62ece3 (bltu    x5, x6, -8)
[2026-04-01 15:27:29.479] [info]    : RETIRE | Cycle    511 | PC=0x00000028 | Inst=0x00028023 (sb      x0, 0(x5))
[2026-04-01 15:27:29.479] [info]    : RETIRE | Cycle    512 | PC=0x0000002c | Inst=0x00128293 (addi    x5, x5, 1)
[2026-04-01 15:27:29.479] [info]    : RETIRE | Cycle    514 | PC=0x00000030 | Inst=0xfe62ece3 (bltu    x5, x6, -8)
[2026-04-01 15:27:29.479] [info]    : RETIRE | Cycle    525 | PC=0x00000028 | Inst=0x00028023 (sb      x0, 0(x5))
[2026-04-01 15:27:29.479] [info]    : RETIRE | Cycle    526 | PC=0x0000002c | Inst=0x00128293 (addi    x5, x5, 1)
[2026-04-01 15:27:29.479] [info]    : RETIRE | Cycle    528 | PC=0x00000030 | Inst=0xfe62ece3 (bltu    x5, x6, -8)
[2026-04-01 15:27:29.479] [info]    : RETIRE | Cycle    531 | PC=0x00000028 | Inst=0x00028023 (sb      x0, 0(x5))
[2026-04-01 15:27:29.479] [info]    : RETIRE | Cycle    532 | PC=0x0000002c | Inst=0x00128293 (addi    x5, x5, 1)
[2026-04-01 15:27:29.479] [info]    : RETIRE | Cycle    533 | PC=0x00000030 | Inst=0xfe62ece3 (bltu    x5, x6, -8)
[2026-04-01 15:27:29.479] [info]    : RETIRE | Cycle    536 | PC=0x00000028 | Inst=0x00028023 (sb      x0, 0(x5))
[2026-04-01 15:27:29.479] [info]    : RETIRE | Cycle    537 | PC=0x0000002c | Inst=0x00128293 (addi    x5, x5, 1)
[2026-04-01 15:27:29.479] [info]    : RETIRE | Cycle    538 | PC=0x00000030 | Inst=0xfe62ece3 (bltu    x5, x6, -8)
[2026-04-01 15:27:29.479] [info]    : RETIRE | Cycle    541 | PC=0x00000028 | Inst=0x00028023 (sb      x0, 0(x5))
[2026-04-01 15:27:29.479] [info]    : RETIRE | Cycle    542 | PC=0x0000002c | Inst=0x00128293 (addi    x5, x5, 1)
[2026-04-01 15:27:29.479] [info]    : RETIRE | Cycle    543 | PC=0x00000030 | Inst=0xfe62ece3 (bltu    x5, x6, -8)
[2026-04-01 15:27:29.479] [info]    : RETIRE | Cycle    546 | PC=0x00000028 | Inst=0x00028023 (sb      x0, 0(x5))
[2026-04-01 15:27:29.479] [info]    : RETIRE | Cycle    547 | PC=0x0000002c | Inst=0x00128293 (addi    x5, x5, 1)
[2026-04-01 15:27:29.479] [info]    : RETIRE | Cycle    548 | PC=0x00000030 | Inst=0xfe62ece3 (bltu    x5, x6, -8)
[2026-04-01 15:27:29.479] [info]    : RETIRE | Cycle    551 | PC=0x00000028 | Inst=0x00028023 (sb      x0, 0(x5))
[2026-04-01 15:27:29.479] [info]    : RETIRE | Cycle    552 | PC=0x0000002c | Inst=0x00128293 (addi    x5, x5, 1)
[2026-04-01 15:27:29.479] [info]    : RETIRE | Cycle    553 | PC=0x00000030 | Inst=0xfe62ece3 (bltu    x5, x6, -8)
[2026-04-01 15:27:29.479] [info]    : RETIRE | Cycle    556 | PC=0x00000028 | Inst=0x00028023 (sb      x0, 0(x5))
[2026-04-01 15:27:29.479] [info]    : RETIRE | Cycle    557 | PC=0x0000002c | Inst=0x00128293 (addi    x5, x5, 1)
[2026-04-01 15:27:29.479] [info]    : RETIRE | Cycle    558 | PC=0x00000030 | Inst=0xfe62ece3 (bltu    x5, x6, -8)
[2026-04-01 15:27:29.479] [info]    : RETIRE | Cycle    561 | PC=0x00000028 | Inst=0x00028023 (sb      x0, 0(x5))
[2026-04-01 15:27:29.480] [info]    : RETIRE | Cycle    562 | PC=0x0000002c | Inst=0x00128293 (addi    x5, x5, 1)
[2026-04-01 15:27:29.480] [info]    : RETIRE | Cycle    563 | PC=0x00000030 | Inst=0xfe62ece3 (bltu    x5, x6, -8)
[2026-04-01 15:27:29.480] [info]    : RETIRE | Cycle    566 | PC=0x00000028 | Inst=0x00028023 (sb      x0, 0(x5))
[2026-04-01 15:27:29.480] [info]    : RETIRE | Cycle    567 | PC=0x0000002c | Inst=0x00128293 (addi    x5, x5, 1)
[2026-04-01 15:27:29.480] [info]    : RETIRE | Cycle    568 | PC=0x00000030 | Inst=0xfe62ece3 (bltu    x5, x6, -8)
[2026-04-01 15:27:29.480] [info]    : RETIRE | Cycle    571 | PC=0x00000028 | Inst=0x00028023 (sb      x0, 0(x5))
[2026-04-01 15:27:29.480] [info]    : RETIRE | Cycle    572 | PC=0x0000002c | Inst=0x00128293 (addi    x5, x5, 1)
[2026-04-01 15:27:29.480] [info]    : RETIRE | Cycle    574 | PC=0x00000030 | Inst=0xfe62ece3 (bltu    x5, x6, -8)
[2026-04-01 15:27:29.480] [info]    : RETIRE | Cycle    577 | PC=0x00000028 | Inst=0x00028023 (sb      x0, 0(x5))
[2026-04-01 15:27:29.480] [info]    : RETIRE | Cycle    578 | PC=0x0000002c | Inst=0x00128293 (addi    x5, x5, 1)
[2026-04-01 15:27:29.480] [info]    : RETIRE | Cycle    580 | PC=0x00000030 | Inst=0xfe62ece3 (bltu    x5, x6, -8)
[2026-04-01 15:27:29.480] [info]    : RETIRE | Cycle    583 | PC=0x00000028 | Inst=0x00028023 (sb      x0, 0(x5))
[2026-04-01 15:27:29.480] [info]    : RETIRE | Cycle    584 | PC=0x0000002c | Inst=0x00128293 (addi    x5, x5, 1)
[2026-04-01 15:27:29.480] [info]    : RETIRE | Cycle    586 | PC=0x00000030 | Inst=0xfe62ece3 (bltu    x5, x6, -8)
[2026-04-01 15:27:29.480] [info]    : RETIRE | Cycle    589 | PC=0x00000028 | Inst=0x00028023 (sb      x0, 0(x5))
[2026-04-01 15:27:29.480] [info]    : RETIRE | Cycle    590 | PC=0x0000002c | Inst=0x00128293 (addi    x5, x5, 1)
[2026-04-01 15:27:29.480] [info]    : RETIRE | Cycle    592 | PC=0x00000030 | Inst=0xfe62ece3 (bltu    x5, x6, -8)
[2026-04-01 15:27:29.480] [info]    : RETIRE | Cycle    595 | PC=0x00000028 | Inst=0x00028023 (sb      x0, 0(x5))
[2026-04-01 15:27:29.480] [info]    : RETIRE | Cycle    596 | PC=0x0000002c | Inst=0x00128293 (addi    x5, x5, 1)
[2026-04-01 15:27:29.480] [info]    : RETIRE | Cycle    598 | PC=0x00000030 | Inst=0xfe62ece3 (bltu    x5, x6, -8)
[2026-04-01 15:27:29.480] [info]    : RETIRE | Cycle    601 | PC=0x00000028 | Inst=0x00028023 (sb      x0, 0(x5))
[2026-04-01 15:27:29.480] [info]    : RETIRE | Cycle    602 | PC=0x0000002c | Inst=0x00128293 (addi    x5, x5, 1)
[2026-04-01 15:27:29.480] [info]    : RETIRE | Cycle    604 | PC=0x00000030 | Inst=0xfe62ece3 (bltu    x5, x6, -8)
[2026-04-01 15:27:29.480] [info]    : RETIRE | Cycle    607 | PC=0x00000028 | Inst=0x00028023 (sb      x0, 0(x5))
[2026-04-01 15:27:29.480] [info]    : RETIRE | Cycle    608 | PC=0x0000002c | Inst=0x00128293 (addi    x5, x5, 1)
[2026-04-01 15:27:29.480] [info]    : RETIRE | Cycle    610 | PC=0x00000030 | Inst=0xfe62ece3 (bltu    x5, x6, -8)
[2026-04-01 15:27:29.480] [info]    : RETIRE | Cycle    621 | PC=0x00000028 | Inst=0x00028023 (sb      x0, 0(x5))
[2026-04-01 15:27:29.480] [info]    : RETIRE | Cycle    622 | PC=0x0000002c | Inst=0x00128293 (addi    x5, x5, 1)
[2026-04-01 15:27:29.480] [info]    : RETIRE | Cycle    624 | PC=0x00000030 | Inst=0xfe62ece3 (bltu    x5, x6, -8)
[2026-04-01 15:27:29.480] [info]    : RETIRE | Cycle    627 | PC=0x00000028 | Inst=0x00028023 (sb      x0, 0(x5))
[2026-04-01 15:27:29.480] [info]    : RETIRE | Cycle    628 | PC=0x0000002c | Inst=0x00128293 (addi    x5, x5, 1)
[2026-04-01 15:27:29.480] [info]    : RETIRE | Cycle    629 | PC=0x00000030 | Inst=0xfe62ece3 (bltu    x5, x6, -8)
[2026-04-01 15:27:29.480] [info]    : RETIRE | Cycle    632 | PC=0x00000028 | Inst=0x00028023 (sb      x0, 0(x5))
[2026-04-01 15:27:29.480] [info]    : RETIRE | Cycle    633 | PC=0x0000002c | Inst=0x00128293 (addi    x5, x5, 1)
[2026-04-01 15:27:29.480] [info]    : RETIRE | Cycle    634 | PC=0x00000030 | Inst=0xfe62ece3 (bltu    x5, x6, -8)
[2026-04-01 15:27:29.480] [info]    : RETIRE | Cycle    637 | PC=0x00000028 | Inst=0x00028023 (sb      x0, 0(x5))
[2026-04-01 15:27:29.480] [info]    : RETIRE | Cycle    638 | PC=0x0000002c | Inst=0x00128293 (addi    x5, x5, 1)
[2026-04-01 15:27:29.480] [info]    : RETIRE | Cycle    639 | PC=0x00000030 | Inst=0xfe62ece3 (bltu    x5, x6, -8)
[2026-04-01 15:27:29.480] [info]    : RETIRE | Cycle    642 | PC=0x00000028 | Inst=0x00028023 (sb      x0, 0(x5))
[2026-04-01 15:27:29.480] [info]    : RETIRE | Cycle    643 | PC=0x0000002c | Inst=0x00128293 (addi    x5, x5, 1)
[2026-04-01 15:27:29.480] [info]    : RETIRE | Cycle    644 | PC=0x00000030 | Inst=0xfe62ece3 (bltu    x5, x6, -8)
[2026-04-01 15:27:29.480] [info]    : RETIRE | Cycle    647 | PC=0x00000028 | Inst=0x00028023 (sb      x0, 0(x5))
[2026-04-01 15:27:29.480] [info]    : RETIRE | Cycle    648 | PC=0x0000002c | Inst=0x00128293 (addi    x5, x5, 1)
[2026-04-01 15:27:29.480] [info]    : RETIRE | Cycle    649 | PC=0x00000030 | Inst=0xfe62ece3 (bltu    x5, x6, -8)
[2026-04-01 15:27:29.480] [info]    : RETIRE | Cycle    652 | PC=0x00000028 | Inst=0x00028023 (sb      x0, 0(x5))
[2026-04-01 15:27:29.480] [info]    : RETIRE | Cycle    653 | PC=0x0000002c | Inst=0x00128293 (addi    x5, x5, 1)
[2026-04-01 15:27:29.480] [info]    : RETIRE | Cycle    654 | PC=0x00000030 | Inst=0xfe62ece3 (bltu    x5, x6, -8)
[2026-04-01 15:27:29.480] [info]    : RETIRE | Cycle    657 | PC=0x00000028 | Inst=0x00028023 (sb      x0, 0(x5))
[2026-04-01 15:27:29.480] [info]    : RETIRE | Cycle    658 | PC=0x0000002c | Inst=0x00128293 (addi    x5, x5, 1)
[2026-04-01 15:27:29.480] [info]    : RETIRE | Cycle    659 | PC=0x00000030 | Inst=0xfe62ece3 (bltu    x5, x6, -8)
[2026-04-01 15:27:29.480] [info]    : RETIRE | Cycle    662 | PC=0x00000028 | Inst=0x00028023 (sb      x0, 0(x5))
[2026-04-01 15:27:29.480] [info]    : RETIRE | Cycle    663 | PC=0x0000002c | Inst=0x00128293 (addi    x5, x5, 1)
[2026-04-01 15:27:29.480] [info]    : RETIRE | Cycle    664 | PC=0x00000030 | Inst=0xfe62ece3 (bltu    x5, x6, -8)
[2026-04-01 15:27:29.480] [info]    : RETIRE | Cycle    667 | PC=0x00000028 | Inst=0x00028023 (sb      x0, 0(x5))
[2026-04-01 15:27:29.480] [info]    : RETIRE | Cycle    668 | PC=0x0000002c | Inst=0x00128293 (addi    x5, x5, 1)
[2026-04-01 15:27:29.480] [info]    : RETIRE | Cycle    670 | PC=0x00000030 | Inst=0xfe62ece3 (bltu    x5, x6, -8)
[2026-04-01 15:27:29.480] [info]    : RETIRE | Cycle    673 | PC=0x00000028 | Inst=0x00028023 (sb      x0, 0(x5))
[2026-04-01 15:27:29.480] [info]    : RETIRE | Cycle    674 | PC=0x0000002c | Inst=0x00128293 (addi    x5, x5, 1)
[2026-04-01 15:27:29.480] [info]    : RETIRE | Cycle    676 | PC=0x00000030 | Inst=0xfe62ece3 (bltu    x5, x6, -8)
[2026-04-01 15:27:29.480] [info]    : RETIRE | Cycle    679 | PC=0x00000028 | Inst=0x00028023 (sb      x0, 0(x5))
[2026-04-01 15:27:29.480] [info]    : RETIRE | Cycle    680 | PC=0x0000002c | Inst=0x00128293 (addi    x5, x5, 1)
[2026-04-01 15:27:29.480] [info]    : RETIRE | Cycle    682 | PC=0x00000030 | Inst=0xfe62ece3 (bltu    x5, x6, -8)
[2026-04-01 15:27:29.480] [info]    : RETIRE | Cycle    685 | PC=0x00000028 | Inst=0x00028023 (sb      x0, 0(x5))
[2026-04-01 15:27:29.480] [info]    : RETIRE | Cycle    686 | PC=0x0000002c | Inst=0x00128293 (addi    x5, x5, 1)
[2026-04-01 15:27:29.480] [info]    : RETIRE | Cycle    688 | PC=0x00000030 | Inst=0xfe62ece3 (bltu    x5, x6, -8)
[2026-04-01 15:27:29.480] [info]    : RETIRE | Cycle    691 | PC=0x00000028 | Inst=0x00028023 (sb      x0, 0(x5))
[2026-04-01 15:27:29.480] [info]    : RETIRE | Cycle    692 | PC=0x0000002c | Inst=0x00128293 (addi    x5, x5, 1)
[2026-04-01 15:27:29.480] [info]    : RETIRE | Cycle    694 | PC=0x00000030 | Inst=0xfe62ece3 (bltu    x5, x6, -8)
[2026-04-01 15:27:29.480] [info]    : RETIRE | Cycle    697 | PC=0x00000028 | Inst=0x00028023 (sb      x0, 0(x5))
[2026-04-01 15:27:29.480] [info]    : RETIRE | Cycle    698 | PC=0x0000002c | Inst=0x00128293 (addi    x5, x5, 1)
[2026-04-01 15:27:29.480] [info]    : RETIRE | Cycle    700 | PC=0x00000030 | Inst=0xfe62ece3 (bltu    x5, x6, -8)
[2026-04-01 15:27:29.480] [info]    : RETIRE | Cycle    703 | PC=0x00000028 | Inst=0x00028023 (sb      x0, 0(x5))
[2026-04-01 15:27:29.480] [info]    : RETIRE | Cycle    704 | PC=0x0000002c | Inst=0x00128293 (addi    x5, x5, 1)
[2026-04-01 15:27:29.480] [info]    : RETIRE | Cycle    706 | PC=0x00000030 | Inst=0xfe62ece3 (bltu    x5, x6, -8)
[2026-04-01 15:27:29.481] [info]    : RETIRE | Cycle    717 | PC=0x00000028 | Inst=0x00028023 (sb      x0, 0(x5))
[2026-04-01 15:27:29.481] [info]    : RETIRE | Cycle    718 | PC=0x0000002c | Inst=0x00128293 (addi    x5, x5, 1)
[2026-04-01 15:27:29.481] [info]    : RETIRE | Cycle    720 | PC=0x00000030 | Inst=0xfe62ece3 (bltu    x5, x6, -8)
[2026-04-01 15:27:29.481] [info]    : RETIRE | Cycle    723 | PC=0x00000028 | Inst=0x00028023 (sb      x0, 0(x5))
[2026-04-01 15:27:29.481] [info]    : RETIRE | Cycle    724 | PC=0x0000002c | Inst=0x00128293 (addi    x5, x5, 1)
[2026-04-01 15:27:29.481] [info]    : RETIRE | Cycle    725 | PC=0x00000030 | Inst=0xfe62ece3 (bltu    x5, x6, -8)
[2026-04-01 15:27:29.481] [info]    : RETIRE | Cycle    728 | PC=0x00000028 | Inst=0x00028023 (sb      x0, 0(x5))
[2026-04-01 15:27:29.481] [info]    : RETIRE | Cycle    729 | PC=0x0000002c | Inst=0x00128293 (addi    x5, x5, 1)
[2026-04-01 15:27:29.481] [info]    : RETIRE | Cycle    730 | PC=0x00000030 | Inst=0xfe62ece3 (bltu    x5, x6, -8)
[2026-04-01 15:27:29.481] [info]    : RETIRE | Cycle    733 | PC=0x00000028 | Inst=0x00028023 (sb      x0, 0(x5))
[2026-04-01 15:27:29.481] [info]    : RETIRE | Cycle    734 | PC=0x0000002c | Inst=0x00128293 (addi    x5, x5, 1)
[2026-04-01 15:27:29.481] [info]    : RETIRE | Cycle    735 | PC=0x00000030 | Inst=0xfe62ece3 (bltu    x5, x6, -8)
[2026-04-01 15:27:29.481] [info]    : RETIRE | Cycle    738 | PC=0x00000028 | Inst=0x00028023 (sb      x0, 0(x5))
[2026-04-01 15:27:29.481] [info]    : RETIRE | Cycle    739 | PC=0x0000002c | Inst=0x00128293 (addi    x5, x5, 1)
[2026-04-01 15:27:29.481] [info]    : RETIRE | Cycle    740 | PC=0x00000030 | Inst=0xfe62ece3 (bltu    x5, x6, -8)
[2026-04-01 15:27:29.481] [info]    : RETIRE | Cycle    743 | PC=0x00000028 | Inst=0x00028023 (sb      x0, 0(x5))
[2026-04-01 15:27:29.481] [info]    : RETIRE | Cycle    744 | PC=0x0000002c | Inst=0x00128293 (addi    x5, x5, 1)
[2026-04-01 15:27:29.481] [info]    : RETIRE | Cycle    745 | PC=0x00000030 | Inst=0xfe62ece3 (bltu    x5, x6, -8)
[2026-04-01 15:27:29.481] [info]    : RETIRE | Cycle    748 | PC=0x00000028 | Inst=0x00028023 (sb      x0, 0(x5))
[2026-04-01 15:27:29.481] [info]    : RETIRE | Cycle    749 | PC=0x0000002c | Inst=0x00128293 (addi    x5, x5, 1)
[2026-04-01 15:27:29.481] [info]    : RETIRE | Cycle    750 | PC=0x00000030 | Inst=0xfe62ece3 (bltu    x5, x6, -8)
[2026-04-01 15:27:29.481] [info]    : RETIRE | Cycle    753 | PC=0x00000028 | Inst=0x00028023 (sb      x0, 0(x5))
[2026-04-01 15:27:29.481] [info]    : RETIRE | Cycle    754 | PC=0x0000002c | Inst=0x00128293 (addi    x5, x5, 1)
[2026-04-01 15:27:29.481] [info]    : RETIRE | Cycle    755 | PC=0x00000030 | Inst=0xfe62ece3 (bltu    x5, x6, -8)
[2026-04-01 15:27:29.481] [info]    : RETIRE | Cycle    758 | PC=0x00000028 | Inst=0x00028023 (sb      x0, 0(x5))
[2026-04-01 15:27:29.481] [info]    : RETIRE | Cycle    759 | PC=0x0000002c | Inst=0x00128293 (addi    x5, x5, 1)
[2026-04-01 15:27:29.481] [info]    : RETIRE | Cycle    760 | PC=0x00000030 | Inst=0xfe62ece3 (bltu    x5, x6, -8)
[2026-04-01 15:27:29.481] [info]    : RETIRE | Cycle    763 | PC=0x00000028 | Inst=0x00028023 (sb      x0, 0(x5))
[2026-04-01 15:27:29.481] [info]    : RETIRE | Cycle    764 | PC=0x0000002c | Inst=0x00128293 (addi    x5, x5, 1)
[2026-04-01 15:27:29.481] [info]    : RETIRE | Cycle    766 | PC=0x00000030 | Inst=0xfe62ece3 (bltu    x5, x6, -8)
[2026-04-01 15:27:29.481] [info]    : RETIRE | Cycle    769 | PC=0x00000028 | Inst=0x00028023 (sb      x0, 0(x5))
[2026-04-01 15:27:29.481] [info]    : RETIRE | Cycle    770 | PC=0x0000002c | Inst=0x00128293 (addi    x5, x5, 1)
[2026-04-01 15:27:29.481] [info]    : RETIRE | Cycle    772 | PC=0x00000030 | Inst=0xfe62ece3 (bltu    x5, x6, -8)
[2026-04-01 15:27:29.481] [info]    : RETIRE | Cycle    775 | PC=0x00000028 | Inst=0x00028023 (sb      x0, 0(x5))
[2026-04-01 15:27:29.481] [info]    : RETIRE | Cycle    776 | PC=0x0000002c | Inst=0x00128293 (addi    x5, x5, 1)
[2026-04-01 15:27:29.481] [info]    : RETIRE | Cycle    778 | PC=0x00000030 | Inst=0xfe62ece3 (bltu    x5, x6, -8)
[2026-04-01 15:27:29.481] [info]    : RETIRE | Cycle    781 | PC=0x00000028 | Inst=0x00028023 (sb      x0, 0(x5))
[2026-04-01 15:27:29.481] [info]    : RETIRE | Cycle    782 | PC=0x0000002c | Inst=0x00128293 (addi    x5, x5, 1)
[2026-04-01 15:27:29.481] [info]    : RETIRE | Cycle    784 | PC=0x00000030 | Inst=0xfe62ece3 (bltu    x5, x6, -8)
[2026-04-01 15:27:29.481] [info]    : RETIRE | Cycle    787 | PC=0x00000028 | Inst=0x00028023 (sb      x0, 0(x5))
[2026-04-01 15:27:29.481] [info]    : RETIRE | Cycle    788 | PC=0x0000002c | Inst=0x00128293 (addi    x5, x5, 1)
[2026-04-01 15:27:29.481] [info]    : RETIRE | Cycle    790 | PC=0x00000030 | Inst=0xfe62ece3 (bltu    x5, x6, -8)
[2026-04-01 15:27:29.481] [info]    : RETIRE | Cycle    793 | PC=0x00000028 | Inst=0x00028023 (sb      x0, 0(x5))
[2026-04-01 15:27:29.481] [info]    : RETIRE | Cycle    794 | PC=0x0000002c | Inst=0x00128293 (addi    x5, x5, 1)
[2026-04-01 15:27:29.481] [info]    : RETIRE | Cycle    796 | PC=0x00000030 | Inst=0xfe62ece3 (bltu    x5, x6, -8)
[2026-04-01 15:27:29.481] [info]    : RETIRE | Cycle    799 | PC=0x00000028 | Inst=0x00028023 (sb      x0, 0(x5))
[2026-04-01 15:27:29.481] [info]    : RETIRE | Cycle    800 | PC=0x0000002c | Inst=0x00128293 (addi    x5, x5, 1)
[2026-04-01 15:27:29.481] [info]    : RETIRE | Cycle    802 | PC=0x00000030 | Inst=0xfe62ece3 (bltu    x5, x6, -8)
[2026-04-01 15:27:29.481] [info]    : RETIRE | Cycle    813 | PC=0x00000028 | Inst=0x00028023 (sb      x0, 0(x5))
[2026-04-01 15:27:29.481] [info]    : RETIRE | Cycle    814 | PC=0x0000002c | Inst=0x00128293 (addi    x5, x5, 1)
[2026-04-01 15:27:29.481] [info]    : RETIRE | Cycle    816 | PC=0x00000030 | Inst=0xfe62ece3 (bltu    x5, x6, -8)
[2026-04-01 15:27:29.481] [info]    : RETIRE | Cycle    819 | PC=0x00000028 | Inst=0x00028023 (sb      x0, 0(x5))
[2026-04-01 15:27:29.481] [info]    : RETIRE | Cycle    820 | PC=0x0000002c | Inst=0x00128293 (addi    x5, x5, 1)
[2026-04-01 15:27:29.481] [info]    : RETIRE | Cycle    821 | PC=0x00000030 | Inst=0xfe62ece3 (bltu    x5, x6, -8)
[2026-04-01 15:27:29.481] [info]    : RETIRE | Cycle    824 | PC=0x00000028 | Inst=0x00028023 (sb      x0, 0(x5))
[2026-04-01 15:27:29.481] [info]    : RETIRE | Cycle    825 | PC=0x0000002c | Inst=0x00128293 (addi    x5, x5, 1)
[2026-04-01 15:27:29.481] [info]    : RETIRE | Cycle    826 | PC=0x00000030 | Inst=0xfe62ece3 (bltu    x5, x6, -8)
[2026-04-01 15:27:29.481] [info]    : RETIRE | Cycle    829 | PC=0x00000028 | Inst=0x00028023 (sb      x0, 0(x5))
[2026-04-01 15:27:29.481] [info]    : RETIRE | Cycle    830 | PC=0x0000002c | Inst=0x00128293 (addi    x5, x5, 1)
[2026-04-01 15:27:29.481] [info]    : RETIRE | Cycle    831 | PC=0x00000030 | Inst=0xfe62ece3 (bltu    x5, x6, -8)
[2026-04-01 15:27:29.481] [info]    : RETIRE | Cycle    834 | PC=0x00000028 | Inst=0x00028023 (sb      x0, 0(x5))
[2026-04-01 15:27:29.481] [info]    : RETIRE | Cycle    835 | PC=0x0000002c | Inst=0x00128293 (addi    x5, x5, 1)
[2026-04-01 15:27:29.481] [info]    : RETIRE | Cycle    836 | PC=0x00000030 | Inst=0xfe62ece3 (bltu    x5, x6, -8)
[2026-04-01 15:27:29.481] [info]    : RETIRE | Cycle    839 | PC=0x00000028 | Inst=0x00028023 (sb      x0, 0(x5))
[2026-04-01 15:27:29.481] [info]    : RETIRE | Cycle    840 | PC=0x0000002c | Inst=0x00128293 (addi    x5, x5, 1)
[2026-04-01 15:27:29.481] [info]    : RETIRE | Cycle    841 | PC=0x00000030 | Inst=0xfe62ece3 (bltu    x5, x6, -8)
[2026-04-01 15:27:29.481] [info]    : RETIRE | Cycle    844 | PC=0x00000028 | Inst=0x00028023 (sb      x0, 0(x5))
[2026-04-01 15:27:29.481] [info]    : RETIRE | Cycle    845 | PC=0x0000002c | Inst=0x00128293 (addi    x5, x5, 1)
[2026-04-01 15:27:29.481] [info]    : RETIRE | Cycle    846 | PC=0x00000030 | Inst=0xfe62ece3 (bltu    x5, x6, -8)
[2026-04-01 15:27:29.481] [info]    : RETIRE | Cycle    849 | PC=0x00000028 | Inst=0x00028023 (sb      x0, 0(x5))
[2026-04-01 15:27:29.481] [info]    : RETIRE | Cycle    850 | PC=0x0000002c | Inst=0x00128293 (addi    x5, x5, 1)
[2026-04-01 15:27:29.481] [info]    : RETIRE | Cycle    851 | PC=0x00000030 | Inst=0xfe62ece3 (bltu    x5, x6, -8)
[2026-04-01 15:27:29.481] [info]    : RETIRE | Cycle    854 | PC=0x00000028 | Inst=0x00028023 (sb      x0, 0(x5))
[2026-04-01 15:27:29.481] [info]    : RETIRE | Cycle    855 | PC=0x0000002c | Inst=0x00128293 (addi    x5, x5, 1)
[2026-04-01 15:27:29.481] [info]    : RETIRE | Cycle    856 | PC=0x00000030 | Inst=0xfe62ece3 (bltu    x5, x6, -8)
[2026-04-01 15:27:29.482] [info]    : RETIRE | Cycle    859 | PC=0x00000028 | Inst=0x00028023 (sb      x0, 0(x5))
[2026-04-01 15:27:29.482] [info]    : RETIRE | Cycle    860 | PC=0x0000002c | Inst=0x00128293 (addi    x5, x5, 1)
[2026-04-01 15:27:29.482] [info]    : RETIRE | Cycle    862 | PC=0x00000030 | Inst=0xfe62ece3 (bltu    x5, x6, -8)
[2026-04-01 15:27:29.482] [info]    : RETIRE | Cycle    865 | PC=0x00000028 | Inst=0x00028023 (sb      x0, 0(x5))
[2026-04-01 15:27:29.482] [info]    : RETIRE | Cycle    866 | PC=0x0000002c | Inst=0x00128293 (addi    x5, x5, 1)
[2026-04-01 15:27:29.482] [info]    : RETIRE | Cycle    868 | PC=0x00000030 | Inst=0xfe62ece3 (bltu    x5, x6, -8)
[2026-04-01 15:27:29.482] [info]    : RETIRE | Cycle    871 | PC=0x00000028 | Inst=0x00028023 (sb      x0, 0(x5))
[2026-04-01 15:27:29.482] [info]    : RETIRE | Cycle    872 | PC=0x0000002c | Inst=0x00128293 (addi    x5, x5, 1)
[2026-04-01 15:27:29.482] [info]    : RETIRE | Cycle    874 | PC=0x00000030 | Inst=0xfe62ece3 (bltu    x5, x6, -8)
[2026-04-01 15:27:29.482] [info]    : RETIRE | Cycle    877 | PC=0x00000028 | Inst=0x00028023 (sb      x0, 0(x5))
[2026-04-01 15:27:29.482] [info]    : RETIRE | Cycle    878 | PC=0x0000002c | Inst=0x00128293 (addi    x5, x5, 1)
[2026-04-01 15:27:29.482] [info]    : RETIRE | Cycle    880 | PC=0x00000030 | Inst=0xfe62ece3 (bltu    x5, x6, -8)
[2026-04-01 15:27:29.482] [info]    : RETIRE | Cycle    883 | PC=0x00000028 | Inst=0x00028023 (sb      x0, 0(x5))
[2026-04-01 15:27:29.482] [info]    : RETIRE | Cycle    884 | PC=0x0000002c | Inst=0x00128293 (addi    x5, x5, 1)
[2026-04-01 15:27:29.482] [info]    : RETIRE | Cycle    886 | PC=0x00000030 | Inst=0xfe62ece3 (bltu    x5, x6, -8)
[2026-04-01 15:27:29.482] [info]    : RETIRE | Cycle    889 | PC=0x00000028 | Inst=0x00028023 (sb      x0, 0(x5))
[2026-04-01 15:27:29.482] [info]    : RETIRE | Cycle    890 | PC=0x0000002c | Inst=0x00128293 (addi    x5, x5, 1)
[2026-04-01 15:27:29.482] [info]    : RETIRE | Cycle    892 | PC=0x00000030 | Inst=0xfe62ece3 (bltu    x5, x6, -8)
[2026-04-01 15:27:29.482] [info]    : RETIRE | Cycle    895 | PC=0x00000028 | Inst=0x00028023 (sb      x0, 0(x5))
[2026-04-01 15:27:29.482] [info]    : RETIRE | Cycle    896 | PC=0x0000002c | Inst=0x00128293 (addi    x5, x5, 1)
[2026-04-01 15:27:29.482] [info]    : RETIRE | Cycle    898 | PC=0x00000030 | Inst=0xfe62ece3 (bltu    x5, x6, -8)
[2026-04-01 15:27:29.482] [info]    : RETIRE | Cycle    909 | PC=0x00000028 | Inst=0x00028023 (sb      x0, 0(x5))
[2026-04-01 15:27:29.482] [info]    : RETIRE | Cycle    910 | PC=0x0000002c | Inst=0x00128293 (addi    x5, x5, 1)
[2026-04-01 15:27:29.482] [info]    : RETIRE | Cycle    912 | PC=0x00000030 | Inst=0xfe62ece3 (bltu    x5, x6, -8)
[2026-04-01 15:27:29.482] [info]    : RETIRE | Cycle    915 | PC=0x00000028 | Inst=0x00028023 (sb      x0, 0(x5))
[2026-04-01 15:27:29.482] [info]    : RETIRE | Cycle    916 | PC=0x0000002c | Inst=0x00128293 (addi    x5, x5, 1)
[2026-04-01 15:27:29.482] [info]    : RETIRE | Cycle    917 | PC=0x00000030 | Inst=0xfe62ece3 (bltu    x5, x6, -8)
[2026-04-01 15:27:29.482] [info]    : RETIRE | Cycle    920 | PC=0x00000028 | Inst=0x00028023 (sb      x0, 0(x5))
[2026-04-01 15:27:29.482] [info]    : RETIRE | Cycle    921 | PC=0x0000002c | Inst=0x00128293 (addi    x5, x5, 1)
[2026-04-01 15:27:29.482] [info]    : RETIRE | Cycle    922 | PC=0x00000030 | Inst=0xfe62ece3 (bltu    x5, x6, -8)
[2026-04-01 15:27:29.482] [info]    : RETIRE | Cycle    925 | PC=0x00000028 | Inst=0x00028023 (sb      x0, 0(x5))
[2026-04-01 15:27:29.482] [info]    : RETIRE | Cycle    926 | PC=0x0000002c | Inst=0x00128293 (addi    x5, x5, 1)
[2026-04-01 15:27:29.482] [info]    : RETIRE | Cycle    927 | PC=0x00000030 | Inst=0xfe62ece3 (bltu    x5, x6, -8)
[2026-04-01 15:27:29.482] [info]    : RETIRE | Cycle    930 | PC=0x00000028 | Inst=0x00028023 (sb      x0, 0(x5))
[2026-04-01 15:27:29.482] [info]    : RETIRE | Cycle    931 | PC=0x0000002c | Inst=0x00128293 (addi    x5, x5, 1)
[2026-04-01 15:27:29.482] [info]    : RETIRE | Cycle    932 | PC=0x00000030 | Inst=0xfe62ece3 (bltu    x5, x6, -8)
[2026-04-01 15:27:29.482] [info]    : RETIRE | Cycle    935 | PC=0x00000028 | Inst=0x00028023 (sb      x0, 0(x5))
[2026-04-01 15:27:29.482] [info]    : RETIRE | Cycle    936 | PC=0x0000002c | Inst=0x00128293 (addi    x5, x5, 1)
[2026-04-01 15:27:29.482] [info]    : RETIRE | Cycle    937 | PC=0x00000030 | Inst=0xfe62ece3 (bltu    x5, x6, -8)
[2026-04-01 15:27:29.482] [info]    : RETIRE | Cycle    940 | PC=0x00000028 | Inst=0x00028023 (sb      x0, 0(x5))
[2026-04-01 15:27:29.482] [info]    : RETIRE | Cycle    941 | PC=0x0000002c | Inst=0x00128293 (addi    x5, x5, 1)
[2026-04-01 15:27:29.482] [info]    : RETIRE | Cycle    942 | PC=0x00000030 | Inst=0xfe62ece3 (bltu    x5, x6, -8)
[2026-04-01 15:27:29.482] [info]    : RETIRE | Cycle    945 | PC=0x00000028 | Inst=0x00028023 (sb      x0, 0(x5))
[2026-04-01 15:27:29.482] [info]    : RETIRE | Cycle    946 | PC=0x0000002c | Inst=0x00128293 (addi    x5, x5, 1)
[2026-04-01 15:27:29.482] [info]    : RETIRE | Cycle    947 | PC=0x00000030 | Inst=0xfe62ece3 (bltu    x5, x6, -8)
[2026-04-01 15:27:29.482] [info]    : RETIRE | Cycle    950 | PC=0x00000028 | Inst=0x00028023 (sb      x0, 0(x5))
[2026-04-01 15:27:29.482] [info]    : RETIRE | Cycle    951 | PC=0x0000002c | Inst=0x00128293 (addi    x5, x5, 1)
[2026-04-01 15:27:29.482] [info]    : RETIRE | Cycle    952 | PC=0x00000030 | Inst=0xfe62ece3 (bltu    x5, x6, -8)
[2026-04-01 15:27:29.482] [info]    : RETIRE | Cycle    955 | PC=0x00000028 | Inst=0x00028023 (sb      x0, 0(x5))
[2026-04-01 15:27:29.482] [info]    : RETIRE | Cycle    956 | PC=0x0000002c | Inst=0x00128293 (addi    x5, x5, 1)
[2026-04-01 15:27:29.482] [info]    : RETIRE | Cycle    958 | PC=0x00000030 | Inst=0xfe62ece3 (bltu    x5, x6, -8)
[2026-04-01 15:27:29.482] [info]    : RETIRE | Cycle    961 | PC=0x00000028 | Inst=0x00028023 (sb      x0, 0(x5))
[2026-04-01 15:27:29.482] [info]    : RETIRE | Cycle    962 | PC=0x0000002c | Inst=0x00128293 (addi    x5, x5, 1)
[2026-04-01 15:27:29.482] [info]    : RETIRE | Cycle    964 | PC=0x00000030 | Inst=0xfe62ece3 (bltu    x5, x6, -8)
[2026-04-01 15:27:29.482] [info]    : RETIRE | Cycle    967 | PC=0x00000028 | Inst=0x00028023 (sb      x0, 0(x5))
[2026-04-01 15:27:29.482] [info]    : RETIRE | Cycle    968 | PC=0x0000002c | Inst=0x00128293 (addi    x5, x5, 1)
[2026-04-01 15:27:29.482] [info]    : RETIRE | Cycle    970 | PC=0x00000030 | Inst=0xfe62ece3 (bltu    x5, x6, -8)
[2026-04-01 15:27:29.482] [info]    : RETIRE | Cycle    973 | PC=0x00000028 | Inst=0x00028023 (sb      x0, 0(x5))
[2026-04-01 15:27:29.482] [info]    : RETIRE | Cycle    974 | PC=0x0000002c | Inst=0x00128293 (addi    x5, x5, 1)
[2026-04-01 15:27:29.482] [info]    : RETIRE | Cycle    976 | PC=0x00000030 | Inst=0xfe62ece3 (bltu    x5, x6, -8)
[2026-04-01 15:27:29.482] [info]    : RETIRE | Cycle    979 | PC=0x00000028 | Inst=0x00028023 (sb      x0, 0(x5))
[2026-04-01 15:27:29.482] [info]    : RETIRE | Cycle    980 | PC=0x0000002c | Inst=0x00128293 (addi    x5, x5, 1)
[2026-04-01 15:27:29.482] [info]    : RETIRE | Cycle    982 | PC=0x00000030 | Inst=0xfe62ece3 (bltu    x5, x6, -8)
[2026-04-01 15:27:29.482] [info]    : RETIRE | Cycle    985 | PC=0x00000028 | Inst=0x00028023 (sb      x0, 0(x5))
[2026-04-01 15:27:29.482] [info]    : RETIRE | Cycle    986 | PC=0x0000002c | Inst=0x00128293 (addi    x5, x5, 1)
[2026-04-01 15:27:29.482] [info]    : RETIRE | Cycle    988 | PC=0x00000030 | Inst=0xfe62ece3 (bltu    x5, x6, -8)
[2026-04-01 15:27:29.482] [info]    : RETIRE | Cycle    991 | PC=0x00000028 | Inst=0x00028023 (sb      x0, 0(x5))
[2026-04-01 15:27:29.483] [info]    : RETIRE | Cycle    992 | PC=0x0000002c | Inst=0x00128293 (addi    x5, x5, 1)
[2026-04-01 15:27:29.483] [info]    : RETIRE | Cycle    994 | PC=0x00000030 | Inst=0xfe62ece3 (bltu    x5, x6, -8)
[2026-04-01 15:27:29.483] [info]    : RETIRE | Cycle   1005 | PC=0x00000028 | Inst=0x00028023 (sb      x0, 0(x5))
[2026-04-01 15:27:29.483] [info]    : RETIRE | Cycle   1006 | PC=0x0000002c | Inst=0x00128293 (addi    x5, x5, 1)
[2026-04-01 15:27:29.483] [info]    : RETIRE | Cycle   1008 | PC=0x00000030 | Inst=0xfe62ece3 (bltu    x5, x6, -8)
[2026-04-01 15:27:29.483] [info]    : RETIRE | Cycle   1011 | PC=0x00000028 | Inst=0x00028023 (sb      x0, 0(x5))
[2026-04-01 15:27:29.483] [info]    : RETIRE | Cycle   1012 | PC=0x0000002c | Inst=0x00128293 (addi    x5, x5, 1)
[2026-04-01 15:27:29.483] [info]    : RETIRE | Cycle   1013 | PC=0x00000030 | Inst=0xfe62ece3 (bltu    x5, x6, -8)
[2026-04-01 15:27:29.483] [info]    : RETIRE | Cycle   1016 | PC=0x00000028 | Inst=0x00028023 (sb      x0, 0(x5))
[2026-04-01 15:27:29.483] [info]    : RETIRE | Cycle   1017 | PC=0x0000002c | Inst=0x00128293 (addi    x5, x5, 1)
[2026-04-01 15:27:29.483] [info]    : RETIRE | Cycle   1018 | PC=0x00000030 | Inst=0xfe62ece3 (bltu    x5, x6, -8)
[2026-04-01 15:27:29.483] [info]    : RETIRE | Cycle   1021 | PC=0x00000028 | Inst=0x00028023 (sb      x0, 0(x5))
[2026-04-01 15:27:29.483] [info]    : RETIRE | Cycle   1022 | PC=0x0000002c | Inst=0x00128293 (addi    x5, x5, 1)
[2026-04-01 15:27:29.483] [info]    : RETIRE | Cycle   1023 | PC=0x00000030 | Inst=0xfe62ece3 (bltu    x5, x6, -8)
[2026-04-01 15:27:29.483] [info]    : RETIRE | Cycle   1026 | PC=0x00000028 | Inst=0x00028023 (sb      x0, 0(x5))
[2026-04-01 15:27:29.483] [info]    : RETIRE | Cycle   1027 | PC=0x0000002c | Inst=0x00128293 (addi    x5, x5, 1)
[2026-04-01 15:27:29.483] [info]    : RETIRE | Cycle   1028 | PC=0x00000030 | Inst=0xfe62ece3 (bltu    x5, x6, -8)
[2026-04-01 15:27:29.483] [info]    : RETIRE | Cycle   1031 | PC=0x00000028 | Inst=0x00028023 (sb      x0, 0(x5))
[2026-04-01 15:27:29.483] [info]    : RETIRE | Cycle   1032 | PC=0x0000002c | Inst=0x00128293 (addi    x5, x5, 1)
[2026-04-01 15:27:29.483] [info]    : RETIRE | Cycle   1033 | PC=0x00000030 | Inst=0xfe62ece3 (bltu    x5, x6, -8)
[2026-04-01 15:27:29.483] [info]    : RETIRE | Cycle   1036 | PC=0x00000028 | Inst=0x00028023 (sb      x0, 0(x5))
[2026-04-01 15:27:29.483] [info]    : RETIRE | Cycle   1037 | PC=0x0000002c | Inst=0x00128293 (addi    x5, x5, 1)
[2026-04-01 15:27:29.483] [info]    : RETIRE | Cycle   1038 | PC=0x00000030 | Inst=0xfe62ece3 (bltu    x5, x6, -8)
[2026-04-01 15:27:29.483] [info]    : RETIRE | Cycle   1041 | PC=0x00000028 | Inst=0x00028023 (sb      x0, 0(x5))
[2026-04-01 15:27:29.483] [info]    : RETIRE | Cycle   1042 | PC=0x0000002c | Inst=0x00128293 (addi    x5, x5, 1)
[2026-04-01 15:27:29.483] [info]    : RETIRE | Cycle   1043 | PC=0x00000030 | Inst=0xfe62ece3 (bltu    x5, x6, -8)
[2026-04-01 15:27:29.483] [info]    : RETIRE | Cycle   1046 | PC=0x00000028 | Inst=0x00028023 (sb      x0, 0(x5))
[2026-04-01 15:27:29.483] [info]    : RETIRE | Cycle   1047 | PC=0x0000002c | Inst=0x00128293 (addi    x5, x5, 1)
[2026-04-01 15:27:29.483] [info]    : RETIRE | Cycle   1048 | PC=0x00000030 | Inst=0xfe62ece3 (bltu    x5, x6, -8)
[2026-04-01 15:27:29.483] [info]    : RETIRE | Cycle   1051 | PC=0x00000028 | Inst=0x00028023 (sb      x0, 0(x5))
[2026-04-01 15:27:29.483] [info]    : RETIRE | Cycle   1052 | PC=0x0000002c | Inst=0x00128293 (addi    x5, x5, 1)
[2026-04-01 15:27:29.483] [info]    : RETIRE | Cycle   1054 | PC=0x00000030 | Inst=0xfe62ece3 (bltu    x5, x6, -8)
[2026-04-01 15:27:29.483] [info]    : RETIRE | Cycle   1057 | PC=0x00000028 | Inst=0x00028023 (sb      x0, 0(x5))
[2026-04-01 15:27:29.483] [info]    : RETIRE | Cycle   1058 | PC=0x0000002c | Inst=0x00128293 (addi    x5, x5, 1)
[2026-04-01 15:27:29.483] [info]    : RETIRE | Cycle   1060 | PC=0x00000030 | Inst=0xfe62ece3 (bltu    x5, x6, -8)
[2026-04-01 15:27:29.483] [info]    : RETIRE | Cycle   1063 | PC=0x00000028 | Inst=0x00028023 (sb      x0, 0(x5))
[2026-04-01 15:27:29.483] [info]    : RETIRE | Cycle   1064 | PC=0x0000002c | Inst=0x00128293 (addi    x5, x5, 1)
[2026-04-01 15:27:29.483] [info]    : RETIRE | Cycle   1066 | PC=0x00000030 | Inst=0xfe62ece3 (bltu    x5, x6, -8)
[2026-04-01 15:27:29.483] [info]    : RETIRE | Cycle   1069 | PC=0x00000028 | Inst=0x00028023 (sb      x0, 0(x5))
[2026-04-01 15:27:29.483] [info]    : RETIRE | Cycle   1070 | PC=0x0000002c | Inst=0x00128293 (addi    x5, x5, 1)
[2026-04-01 15:27:29.483] [info]    : RETIRE | Cycle   1072 | PC=0x00000030 | Inst=0xfe62ece3 (bltu    x5, x6, -8)
[2026-04-01 15:27:29.483] [info]    : RETIRE | Cycle   1075 | PC=0x00000028 | Inst=0x00028023 (sb      x0, 0(x5))
[2026-04-01 15:27:29.483] [info]    : RETIRE | Cycle   1076 | PC=0x0000002c | Inst=0x00128293 (addi    x5, x5, 1)
[2026-04-01 15:27:29.483] [info]    : RETIRE | Cycle   1078 | PC=0x00000030 | Inst=0xfe62ece3 (bltu    x5, x6, -8)
[2026-04-01 15:27:29.483] [info]    : RETIRE | Cycle   1081 | PC=0x00000028 | Inst=0x00028023 (sb      x0, 0(x5))
[2026-04-01 15:27:29.483] [info]    : RETIRE | Cycle   1082 | PC=0x0000002c | Inst=0x00128293 (addi    x5, x5, 1)
[2026-04-01 15:27:29.483] [info]    : RETIRE | Cycle   1084 | PC=0x00000030 | Inst=0xfe62ece3 (bltu    x5, x6, -8)
[2026-04-01 15:27:29.483] [info]    : RETIRE | Cycle   1087 | PC=0x00000028 | Inst=0x00028023 (sb      x0, 0(x5))
[2026-04-01 15:27:29.483] [info]    : RETIRE | Cycle   1088 | PC=0x0000002c | Inst=0x00128293 (addi    x5, x5, 1)
[2026-04-01 15:27:29.483] [info]    : RETIRE | Cycle   1090 | PC=0x00000030 | Inst=0xfe62ece3 (bltu    x5, x6, -8)
[2026-04-01 15:27:29.483] [info]    : RETIRE | Cycle   1101 | PC=0x00000028 | Inst=0x00028023 (sb      x0, 0(x5))
[2026-04-01 15:27:29.483] [info]    : RETIRE | Cycle   1102 | PC=0x0000002c | Inst=0x00128293 (addi    x5, x5, 1)
[2026-04-01 15:27:29.483] [info]    : RETIRE | Cycle   1104 | PC=0x00000030 | Inst=0xfe62ece3 (bltu    x5, x6, -8)
[2026-04-01 15:27:29.483] [info]    : RETIRE | Cycle   1107 | PC=0x00000028 | Inst=0x00028023 (sb      x0, 0(x5))
[2026-04-01 15:27:29.483] [info]    : RETIRE | Cycle   1108 | PC=0x0000002c | Inst=0x00128293 (addi    x5, x5, 1)
[2026-04-01 15:27:29.483] [info]    : RETIRE | Cycle   1109 | PC=0x00000030 | Inst=0xfe62ece3 (bltu    x5, x6, -8)
[2026-04-01 15:27:29.483] [info]    : RETIRE | Cycle   1112 | PC=0x00000028 | Inst=0x00028023 (sb      x0, 0(x5))
[2026-04-01 15:27:29.483] [info]    : RETIRE | Cycle   1113 | PC=0x0000002c | Inst=0x00128293 (addi    x5, x5, 1)
[2026-04-01 15:27:29.483] [info]    : RETIRE | Cycle   1114 | PC=0x00000030 | Inst=0xfe62ece3 (bltu    x5, x6, -8)
[2026-04-01 15:27:29.483] [info]    : RETIRE | Cycle   1117 | PC=0x00000028 | Inst=0x00028023 (sb      x0, 0(x5))
[2026-04-01 15:27:29.483] [info]    : RETIRE | Cycle   1118 | PC=0x0000002c | Inst=0x00128293 (addi    x5, x5, 1)
[2026-04-01 15:27:29.483] [info]    : RETIRE | Cycle   1119 | PC=0x00000030 | Inst=0xfe62ece3 (bltu    x5, x6, -8)
[2026-04-01 15:27:29.483] [info]    : RETIRE | Cycle   1122 | PC=0x00000028 | Inst=0x00028023 (sb      x0, 0(x5))
[2026-04-01 15:27:29.483] [info]    : RETIRE | Cycle   1123 | PC=0x0000002c | Inst=0x00128293 (addi    x5, x5, 1)
[2026-04-01 15:27:29.483] [info]    : RETIRE | Cycle   1124 | PC=0x00000030 | Inst=0xfe62ece3 (bltu    x5, x6, -8)
[2026-04-01 15:27:29.483] [info]    : RETIRE | Cycle   1127 | PC=0x00000028 | Inst=0x00028023 (sb      x0, 0(x5))
[2026-04-01 15:27:29.483] [info]    : RETIRE | Cycle   1128 | PC=0x0000002c | Inst=0x00128293 (addi    x5, x5, 1)
[2026-04-01 15:27:29.483] [info]    : RETIRE | Cycle   1129 | PC=0x00000030 | Inst=0xfe62ece3 (bltu    x5, x6, -8)
[2026-04-01 15:27:29.483] [info]    : RETIRE | Cycle   1132 | PC=0x00000028 | Inst=0x00028023 (sb      x0, 0(x5))
[2026-04-01 15:27:29.483] [info]    : RETIRE | Cycle   1133 | PC=0x0000002c | Inst=0x00128293 (addi    x5, x5, 1)
[2026-04-01 15:27:29.483] [info]    : RETIRE | Cycle   1134 | PC=0x00000030 | Inst=0xfe62ece3 (bltu    x5, x6, -8)
[2026-04-01 15:27:29.483] [info]    : RETIRE | Cycle   1137 | PC=0x00000028 | Inst=0x00028023 (sb      x0, 0(x5))
[2026-04-01 15:27:29.483] [info]    : RETIRE | Cycle   1138 | PC=0x0000002c | Inst=0x00128293 (addi    x5, x5, 1)
[2026-04-01 15:27:29.483] [info]    : RETIRE | Cycle   1139 | PC=0x00000030 | Inst=0xfe62ece3 (bltu    x5, x6, -8)
[2026-04-01 15:27:29.483] [info]    : RETIRE | Cycle   1142 | PC=0x00000028 | Inst=0x00028023 (sb      x0, 0(x5))
[2026-04-01 15:27:29.483] [info]    : RETIRE | Cycle   1143 | PC=0x0000002c | Inst=0x00128293 (addi    x5, x5, 1)
[2026-04-01 15:27:29.484] [info]    : RETIRE | Cycle   1144 | PC=0x00000030 | Inst=0xfe62ece3 (bltu    x5, x6, -8)
[2026-04-01 15:27:29.484] [info]    : RETIRE | Cycle   1147 | PC=0x00000028 | Inst=0x00028023 (sb      x0, 0(x5))
[2026-04-01 15:27:29.484] [info]    : RETIRE | Cycle   1148 | PC=0x0000002c | Inst=0x00128293 (addi    x5, x5, 1)
[2026-04-01 15:27:29.484] [info]    : RETIRE | Cycle   1150 | PC=0x00000030 | Inst=0xfe62ece3 (bltu    x5, x6, -8)
[2026-04-01 15:27:29.484] [info]    : RETIRE | Cycle   1153 | PC=0x00000028 | Inst=0x00028023 (sb      x0, 0(x5))
[2026-04-01 15:27:29.484] [info]    : RETIRE | Cycle   1154 | PC=0x0000002c | Inst=0x00128293 (addi    x5, x5, 1)
[2026-04-01 15:27:29.484] [info]    : RETIRE | Cycle   1156 | PC=0x00000030 | Inst=0xfe62ece3 (bltu    x5, x6, -8)
[2026-04-01 15:27:29.484] [info]    : RETIRE | Cycle   1159 | PC=0x00000028 | Inst=0x00028023 (sb      x0, 0(x5))
[2026-04-01 15:27:29.484] [info]    : RETIRE | Cycle   1160 | PC=0x0000002c | Inst=0x00128293 (addi    x5, x5, 1)
[2026-04-01 15:27:29.484] [info]    : RETIRE | Cycle   1162 | PC=0x00000030 | Inst=0xfe62ece3 (bltu    x5, x6, -8)
[2026-04-01 15:27:29.484] [info]    : RETIRE | Cycle   1165 | PC=0x00000028 | Inst=0x00028023 (sb      x0, 0(x5))
[2026-04-01 15:27:29.484] [info]    : RETIRE | Cycle   1166 | PC=0x0000002c | Inst=0x00128293 (addi    x5, x5, 1)
[2026-04-01 15:27:29.484] [info]    : RETIRE | Cycle   1168 | PC=0x00000030 | Inst=0xfe62ece3 (bltu    x5, x6, -8)
[2026-04-01 15:27:29.484] [info]    : RETIRE | Cycle   1171 | PC=0x00000028 | Inst=0x00028023 (sb      x0, 0(x5))
[2026-04-01 15:27:29.484] [info]    : RETIRE | Cycle   1172 | PC=0x0000002c | Inst=0x00128293 (addi    x5, x5, 1)
[2026-04-01 15:27:29.484] [info]    : RETIRE | Cycle   1174 | PC=0x00000030 | Inst=0xfe62ece3 (bltu    x5, x6, -8)
[2026-04-01 15:27:29.484] [info]    : RETIRE | Cycle   1177 | PC=0x00000028 | Inst=0x00028023 (sb      x0, 0(x5))
[2026-04-01 15:27:29.484] [info]    : RETIRE | Cycle   1178 | PC=0x0000002c | Inst=0x00128293 (addi    x5, x5, 1)
[2026-04-01 15:27:29.484] [info]    : RETIRE | Cycle   1180 | PC=0x00000030 | Inst=0xfe62ece3 (bltu    x5, x6, -8)
[2026-04-01 15:27:29.484] [info]    : RETIRE | Cycle   1183 | PC=0x00000028 | Inst=0x00028023 (sb      x0, 0(x5))
[2026-04-01 15:27:29.484] [info]    : RETIRE | Cycle   1184 | PC=0x0000002c | Inst=0x00128293 (addi    x5, x5, 1)
[2026-04-01 15:27:29.484] [info]    : RETIRE | Cycle   1186 | PC=0x00000030 | Inst=0xfe62ece3 (bltu    x5, x6, -8)
[2026-04-01 15:27:29.484] [info]    : RETIRE | Cycle   1197 | PC=0x00000028 | Inst=0x00028023 (sb      x0, 0(x5))
[2026-04-01 15:27:29.484] [info]    : RETIRE | Cycle   1198 | PC=0x0000002c | Inst=0x00128293 (addi    x5, x5, 1)
[2026-04-01 15:27:29.484] [info]    : RETIRE | Cycle   1200 | PC=0x00000030 | Inst=0xfe62ece3 (bltu    x5, x6, -8)
[2026-04-01 15:27:29.484] [info]    : RETIRE | Cycle   1203 | PC=0x00000028 | Inst=0x00028023 (sb      x0, 0(x5))
[2026-04-01 15:27:29.484] [info]    : RETIRE | Cycle   1204 | PC=0x0000002c | Inst=0x00128293 (addi    x5, x5, 1)
[2026-04-01 15:27:29.484] [info]    : RETIRE | Cycle   1205 | PC=0x00000030 | Inst=0xfe62ece3 (bltu    x5, x6, -8)
[2026-04-01 15:27:29.484] [info]    : RETIRE | Cycle   1208 | PC=0x00000028 | Inst=0x00028023 (sb      x0, 0(x5))
[2026-04-01 15:27:29.484] [info]    : RETIRE | Cycle   1209 | PC=0x0000002c | Inst=0x00128293 (addi    x5, x5, 1)
[2026-04-01 15:27:29.484] [info]    : RETIRE | Cycle   1210 | PC=0x00000030 | Inst=0xfe62ece3 (bltu    x5, x6, -8)
[2026-04-01 15:27:29.484] [info]    : RETIRE | Cycle   1213 | PC=0x00000028 | Inst=0x00028023 (sb      x0, 0(x5))
[2026-04-01 15:27:29.484] [info]    : RETIRE | Cycle   1214 | PC=0x0000002c | Inst=0x00128293 (addi    x5, x5, 1)
[2026-04-01 15:27:29.484] [info]    : RETIRE | Cycle   1215 | PC=0x00000030 | Inst=0xfe62ece3 (bltu    x5, x6, -8)
[2026-04-01 15:27:29.484] [info]    : RETIRE | Cycle   1218 | PC=0x00000028 | Inst=0x00028023 (sb      x0, 0(x5))
[2026-04-01 15:27:29.484] [info]    : RETIRE | Cycle   1219 | PC=0x0000002c | Inst=0x00128293 (addi    x5, x5, 1)
[2026-04-01 15:27:29.484] [info]    : RETIRE | Cycle   1220 | PC=0x00000030 | Inst=0xfe62ece3 (bltu    x5, x6, -8)
[2026-04-01 15:27:29.484] [info]    : RETIRE | Cycle   1223 | PC=0x00000028 | Inst=0x00028023 (sb      x0, 0(x5))
[2026-04-01 15:27:29.484] [info]    : RETIRE | Cycle   1224 | PC=0x0000002c | Inst=0x00128293 (addi    x5, x5, 1)
[2026-04-01 15:27:29.484] [info]    : RETIRE | Cycle   1225 | PC=0x00000030 | Inst=0xfe62ece3 (bltu    x5, x6, -8)
[2026-04-01 15:27:29.484] [info]    : RETIRE | Cycle   1228 | PC=0x00000028 | Inst=0x00028023 (sb      x0, 0(x5))
[2026-04-01 15:27:29.484] [info]    : RETIRE | Cycle   1229 | PC=0x0000002c | Inst=0x00128293 (addi    x5, x5, 1)
[2026-04-01 15:27:29.484] [info]    : RETIRE | Cycle   1230 | PC=0x00000030 | Inst=0xfe62ece3 (bltu    x5, x6, -8)
[2026-04-01 15:27:29.484] [info]    : RETIRE | Cycle   1233 | PC=0x00000028 | Inst=0x00028023 (sb      x0, 0(x5))
[2026-04-01 15:27:29.484] [info]    : RETIRE | Cycle   1234 | PC=0x0000002c | Inst=0x00128293 (addi    x5, x5, 1)
[2026-04-01 15:27:29.484] [info]    : RETIRE | Cycle   1235 | PC=0x00000030 | Inst=0xfe62ece3 (bltu    x5, x6, -8)
[2026-04-01 15:27:29.484] [info]    : RETIRE | Cycle   1238 | PC=0x00000028 | Inst=0x00028023 (sb      x0, 0(x5))
[2026-04-01 15:27:29.484] [info]    : RETIRE | Cycle   1239 | PC=0x0000002c | Inst=0x00128293 (addi    x5, x5, 1)
[2026-04-01 15:27:29.484] [info]    : RETIRE | Cycle   1240 | PC=0x00000030 | Inst=0xfe62ece3 (bltu    x5, x6, -8)
[2026-04-01 15:27:29.484] [info]    : RETIRE | Cycle   1243 | PC=0x00000028 | Inst=0x00028023 (sb      x0, 0(x5))
[2026-04-01 15:27:29.484] [info]    : RETIRE | Cycle   1244 | PC=0x0000002c | Inst=0x00128293 (addi    x5, x5, 1)
[2026-04-01 15:27:29.484] [info]    : RETIRE | Cycle   1246 | PC=0x00000030 | Inst=0xfe62ece3 (bltu    x5, x6, -8)
[2026-04-01 15:27:29.484] [info]    : RETIRE | Cycle   1249 | PC=0x00000028 | Inst=0x00028023 (sb      x0, 0(x5))
[2026-04-01 15:27:29.484] [info]    : RETIRE | Cycle   1250 | PC=0x0000002c | Inst=0x00128293 (addi    x5, x5, 1)
[2026-04-01 15:27:29.484] [info]    : RETIRE | Cycle   1252 | PC=0x00000030 | Inst=0xfe62ece3 (bltu    x5, x6, -8)
[2026-04-01 15:27:29.484] [info]    : RETIRE | Cycle   1255 | PC=0x00000028 | Inst=0x00028023 (sb      x0, 0(x5))
[2026-04-01 15:27:29.484] [info]    : RETIRE | Cycle   1256 | PC=0x0000002c | Inst=0x00128293 (addi    x5, x5, 1)
[2026-04-01 15:27:29.484] [info]    : RETIRE | Cycle   1258 | PC=0x00000030 | Inst=0xfe62ece3 (bltu    x5, x6, -8)
[2026-04-01 15:27:29.484] [info]    : RETIRE | Cycle   1261 | PC=0x00000028 | Inst=0x00028023 (sb      x0, 0(x5))
[2026-04-01 15:27:29.484] [info]    : RETIRE | Cycle   1262 | PC=0x0000002c | Inst=0x00128293 (addi    x5, x5, 1)
[2026-04-01 15:27:29.484] [info]    : RETIRE | Cycle   1264 | PC=0x00000030 | Inst=0xfe62ece3 (bltu    x5, x6, -8)
[2026-04-01 15:27:29.484] [info]    : RETIRE | Cycle   1267 | PC=0x00000028 | Inst=0x00028023 (sb      x0, 0(x5))
[2026-04-01 15:27:29.484] [info]    : RETIRE | Cycle   1268 | PC=0x0000002c | Inst=0x00128293 (addi    x5, x5, 1)
[2026-04-01 15:27:29.484] [info]    : RETIRE | Cycle   1270 | PC=0x00000030 | Inst=0xfe62ece3 (bltu    x5, x6, -8)
[2026-04-01 15:27:29.484] [info]    : RETIRE | Cycle   1273 | PC=0x00000028 | Inst=0x00028023 (sb      x0, 0(x5))
[2026-04-01 15:27:29.484] [info]    : RETIRE | Cycle   1274 | PC=0x0000002c | Inst=0x00128293 (addi    x5, x5, 1)
[2026-04-01 15:27:29.484] [info]    : RETIRE | Cycle   1276 | PC=0x00000030 | Inst=0xfe62ece3 (bltu    x5, x6, -8)
[2026-04-01 15:27:29.484] [info]    : RETIRE | Cycle   1279 | PC=0x00000028 | Inst=0x00028023 (sb      x0, 0(x5))
[2026-04-01 15:27:29.484] [info]    : RETIRE | Cycle   1280 | PC=0x0000002c | Inst=0x00128293 (addi    x5, x5, 1)
[2026-04-01 15:27:29.484] [info]    : RETIRE | Cycle   1282 | PC=0x00000030 | Inst=0xfe62ece3 (bltu    x5, x6, -8)
[2026-04-01 15:27:29.484] [info]    : RETIRE | Cycle   1293 | PC=0x00000028 | Inst=0x00028023 (sb      x0, 0(x5))
[2026-04-01 15:27:29.484] [info]    : RETIRE | Cycle   1294 | PC=0x0000002c | Inst=0x00128293 (addi    x5, x5, 1)
[2026-04-01 15:27:29.484] [info]    : RETIRE | Cycle   1296 | PC=0x00000030 | Inst=0xfe62ece3 (bltu    x5, x6, -8)
[2026-04-01 15:27:29.484] [info]    : RETIRE | Cycle   1299 | PC=0x00000028 | Inst=0x00028023 (sb      x0, 0(x5))
[2026-04-01 15:27:29.484] [info]    : RETIRE | Cycle   1300 | PC=0x0000002c | Inst=0x00128293 (addi    x5, x5, 1)
[2026-04-01 15:27:29.484] [info]    : RETIRE | Cycle   1301 | PC=0x00000030 | Inst=0xfe62ece3 (bltu    x5, x6, -8)
[2026-04-01 15:27:29.484] [info]    : RETIRE | Cycle   1304 | PC=0x00000028 | Inst=0x00028023 (sb      x0, 0(x5))
[2026-04-01 15:27:29.484] [info]    : RETIRE | Cycle   1305 | PC=0x0000002c | Inst=0x00128293 (addi    x5, x5, 1)
[2026-04-01 15:27:29.484] [info]    : RETIRE | Cycle   1306 | PC=0x00000030 | Inst=0xfe62ece3 (bltu    x5, x6, -8)
[2026-04-01 15:27:29.484] [info]    : RETIRE | Cycle   1309 | PC=0x00000028 | Inst=0x00028023 (sb      x0, 0(x5))
[2026-04-01 15:27:29.485] [info]    : RETIRE | Cycle   1310 | PC=0x0000002c | Inst=0x00128293 (addi    x5, x5, 1)
[2026-04-01 15:27:29.485] [info]    : RETIRE | Cycle   1311 | PC=0x00000030 | Inst=0xfe62ece3 (bltu    x5, x6, -8)
[2026-04-01 15:27:29.485] [info]    : RETIRE | Cycle   1314 | PC=0x00000028 | Inst=0x00028023 (sb      x0, 0(x5))
[2026-04-01 15:27:29.485] [info]    : RETIRE | Cycle   1315 | PC=0x0000002c | Inst=0x00128293 (addi    x5, x5, 1)
[2026-04-01 15:27:29.485] [info]    : RETIRE | Cycle   1316 | PC=0x00000030 | Inst=0xfe62ece3 (bltu    x5, x6, -8)
[2026-04-01 15:27:29.485] [info]    : RETIRE | Cycle   1319 | PC=0x00000028 | Inst=0x00028023 (sb      x0, 0(x5))
[2026-04-01 15:27:29.485] [info]    : RETIRE | Cycle   1320 | PC=0x0000002c | Inst=0x00128293 (addi    x5, x5, 1)
[2026-04-01 15:27:29.485] [info]    : RETIRE | Cycle   1321 | PC=0x00000030 | Inst=0xfe62ece3 (bltu    x5, x6, -8)
[2026-04-01 15:27:29.485] [info]    : RETIRE | Cycle   1324 | PC=0x00000028 | Inst=0x00028023 (sb      x0, 0(x5))
[2026-04-01 15:27:29.485] [info]    : RETIRE | Cycle   1325 | PC=0x0000002c | Inst=0x00128293 (addi    x5, x5, 1)
[2026-04-01 15:27:29.485] [info]    : RETIRE | Cycle   1326 | PC=0x00000030 | Inst=0xfe62ece3 (bltu    x5, x6, -8)
[2026-04-01 15:27:29.485] [info]    : RETIRE | Cycle   1329 | PC=0x00000028 | Inst=0x00028023 (sb      x0, 0(x5))
[2026-04-01 15:27:29.485] [info]    : RETIRE | Cycle   1330 | PC=0x0000002c | Inst=0x00128293 (addi    x5, x5, 1)
[2026-04-01 15:27:29.485] [info]    : RETIRE | Cycle   1331 | PC=0x00000030 | Inst=0xfe62ece3 (bltu    x5, x6, -8)
[2026-04-01 15:27:29.485] [info]    : RETIRE | Cycle   1334 | PC=0x00000028 | Inst=0x00028023 (sb      x0, 0(x5))
[2026-04-01 15:27:29.485] [info]    : RETIRE | Cycle   1335 | PC=0x0000002c | Inst=0x00128293 (addi    x5, x5, 1)
[2026-04-01 15:27:29.485] [info]    : RETIRE | Cycle   1336 | PC=0x00000030 | Inst=0xfe62ece3 (bltu    x5, x6, -8)
[2026-04-01 15:27:29.485] [info]    : RETIRE | Cycle   1339 | PC=0x00000028 | Inst=0x00028023 (sb      x0, 0(x5))
[2026-04-01 15:27:29.485] [info]    : RETIRE | Cycle   1340 | PC=0x0000002c | Inst=0x00128293 (addi    x5, x5, 1)
[2026-04-01 15:27:29.485] [info]    : RETIRE | Cycle   1342 | PC=0x00000030 | Inst=0xfe62ece3 (bltu    x5, x6, -8)
[2026-04-01 15:27:29.485] [info]    : RETIRE | Cycle   1345 | PC=0x00000028 | Inst=0x00028023 (sb      x0, 0(x5))
[2026-04-01 15:27:29.485] [info]    : RETIRE | Cycle   1346 | PC=0x0000002c | Inst=0x00128293 (addi    x5, x5, 1)
[2026-04-01 15:27:29.485] [info]    : RETIRE | Cycle   1348 | PC=0x00000030 | Inst=0xfe62ece3 (bltu    x5, x6, -8)
[2026-04-01 15:27:29.485] [info]    : RETIRE | Cycle   1351 | PC=0x00000028 | Inst=0x00028023 (sb      x0, 0(x5))
[2026-04-01 15:27:29.485] [info]    : RETIRE | Cycle   1352 | PC=0x0000002c | Inst=0x00128293 (addi    x5, x5, 1)
[2026-04-01 15:27:29.485] [info]    : RETIRE | Cycle   1354 | PC=0x00000030 | Inst=0xfe62ece3 (bltu    x5, x6, -8)
[2026-04-01 15:27:29.485] [info]    : RETIRE | Cycle   1357 | PC=0x00000028 | Inst=0x00028023 (sb      x0, 0(x5))
[2026-04-01 15:27:29.485] [info]    : RETIRE | Cycle   1358 | PC=0x0000002c | Inst=0x00128293 (addi    x5, x5, 1)
[2026-04-01 15:27:29.485] [info]    : RETIRE | Cycle   1360 | PC=0x00000030 | Inst=0xfe62ece3 (bltu    x5, x6, -8)
[2026-04-01 15:27:29.485] [info]    : RETIRE | Cycle   1363 | PC=0x00000028 | Inst=0x00028023 (sb      x0, 0(x5))
[2026-04-01 15:27:29.485] [info]    : RETIRE | Cycle   1364 | PC=0x0000002c | Inst=0x00128293 (addi    x5, x5, 1)
[2026-04-01 15:27:29.485] [info]    : RETIRE | Cycle   1366 | PC=0x00000030 | Inst=0xfe62ece3 (bltu    x5, x6, -8)
[2026-04-01 15:27:29.485] [info]    : RETIRE | Cycle   1369 | PC=0x00000028 | Inst=0x00028023 (sb      x0, 0(x5))
[2026-04-01 15:27:29.485] [info]    : RETIRE | Cycle   1370 | PC=0x0000002c | Inst=0x00128293 (addi    x5, x5, 1)
[2026-04-01 15:27:29.485] [info]    : RETIRE | Cycle   1372 | PC=0x00000030 | Inst=0xfe62ece3 (bltu    x5, x6, -8)
[2026-04-01 15:27:29.485] [info]    : RETIRE | Cycle   1375 | PC=0x00000028 | Inst=0x00028023 (sb      x0, 0(x5))
[2026-04-01 15:27:29.485] [info]    : RETIRE | Cycle   1376 | PC=0x0000002c | Inst=0x00128293 (addi    x5, x5, 1)
[2026-04-01 15:27:29.485] [info]    : RETIRE | Cycle   1378 | PC=0x00000030 | Inst=0xfe62ece3 (bltu    x5, x6, -8)
[2026-04-01 15:27:29.485] [info]    : RETIRE | Cycle   1389 | PC=0x00000028 | Inst=0x00028023 (sb      x0, 0(x5))
[2026-04-01 15:27:29.485] [info]    : RETIRE | Cycle   1390 | PC=0x0000002c | Inst=0x00128293 (addi    x5, x5, 1)
[2026-04-01 15:27:29.485] [info]    : RETIRE | Cycle   1392 | PC=0x00000030 | Inst=0xfe62ece3 (bltu    x5, x6, -8)
[2026-04-01 15:27:29.485] [info]    : RETIRE | Cycle   1395 | PC=0x00000028 | Inst=0x00028023 (sb      x0, 0(x5))
[2026-04-01 15:27:29.485] [info]    : RETIRE | Cycle   1396 | PC=0x0000002c | Inst=0x00128293 (addi    x5, x5, 1)
[2026-04-01 15:27:29.485] [info]    : RETIRE | Cycle   1397 | PC=0x00000030 | Inst=0xfe62ece3 (bltu    x5, x6, -8)
[2026-04-01 15:27:29.485] [info]    : RETIRE | Cycle   1400 | PC=0x00000028 | Inst=0x00028023 (sb      x0, 0(x5))
[2026-04-01 15:27:29.485] [info]    : RETIRE | Cycle   1401 | PC=0x0000002c | Inst=0x00128293 (addi    x5, x5, 1)
[2026-04-01 15:27:29.485] [info]    : RETIRE | Cycle   1402 | PC=0x00000030 | Inst=0xfe62ece3 (bltu    x5, x6, -8)
[2026-04-01 15:27:29.485] [info]    : RETIRE | Cycle   1405 | PC=0x00000028 | Inst=0x00028023 (sb      x0, 0(x5))
[2026-04-01 15:27:29.485] [info]    : RETIRE | Cycle   1406 | PC=0x0000002c | Inst=0x00128293 (addi    x5, x5, 1)
[2026-04-01 15:27:29.485] [info]    : RETIRE | Cycle   1407 | PC=0x00000030 | Inst=0xfe62ece3 (bltu    x5, x6, -8)
[2026-04-01 15:27:29.485] [info]    : RETIRE | Cycle   1410 | PC=0x00000028 | Inst=0x00028023 (sb      x0, 0(x5))
[2026-04-01 15:27:29.485] [info]    : RETIRE | Cycle   1411 | PC=0x0000002c | Inst=0x00128293 (addi    x5, x5, 1)
[2026-04-01 15:27:29.485] [info]    : RETIRE | Cycle   1412 | PC=0x00000030 | Inst=0xfe62ece3 (bltu    x5, x6, -8)
[2026-04-01 15:27:29.485] [info]    : RETIRE | Cycle   1415 | PC=0x00000028 | Inst=0x00028023 (sb      x0, 0(x5))
[2026-04-01 15:27:29.485] [info]    : RETIRE | Cycle   1416 | PC=0x0000002c | Inst=0x00128293 (addi    x5, x5, 1)
[2026-04-01 15:27:29.485] [info]    : RETIRE | Cycle   1417 | PC=0x00000030 | Inst=0xfe62ece3 (bltu    x5, x6, -8)
[2026-04-01 15:27:29.485] [info]    : RETIRE | Cycle   1420 | PC=0x00000028 | Inst=0x00028023 (sb      x0, 0(x5))
[2026-04-01 15:27:29.485] [info]    : RETIRE | Cycle   1421 | PC=0x0000002c | Inst=0x00128293 (addi    x5, x5, 1)
[2026-04-01 15:27:29.485] [info]    : RETIRE | Cycle   1422 | PC=0x00000030 | Inst=0xfe62ece3 (bltu    x5, x6, -8)
[2026-04-01 15:27:29.485] [info]    : RETIRE | Cycle   1425 | PC=0x00000028 | Inst=0x00028023 (sb      x0, 0(x5))
[2026-04-01 15:27:29.485] [info]    : RETIRE | Cycle   1426 | PC=0x0000002c | Inst=0x00128293 (addi    x5, x5, 1)
[2026-04-01 15:27:29.485] [info]    : RETIRE | Cycle   1427 | PC=0x00000030 | Inst=0xfe62ece3 (bltu    x5, x6, -8)
[2026-04-01 15:27:29.485] [info]    : RETIRE | Cycle   1430 | PC=0x00000028 | Inst=0x00028023 (sb      x0, 0(x5))
[2026-04-01 15:27:29.485] [info]    : RETIRE | Cycle   1431 | PC=0x0000002c | Inst=0x00128293 (addi    x5, x5, 1)
[2026-04-01 15:27:29.485] [info]    : RETIRE | Cycle   1432 | PC=0x00000030 | Inst=0xfe62ece3 (bltu    x5, x6, -8)
[2026-04-01 15:27:29.485] [info]    : RETIRE | Cycle   1435 | PC=0x00000028 | Inst=0x00028023 (sb      x0, 0(x5))
[2026-04-01 15:27:29.485] [info]    : RETIRE | Cycle   1436 | PC=0x0000002c | Inst=0x00128293 (addi    x5, x5, 1)
[2026-04-01 15:27:29.485] [info]    : RETIRE | Cycle   1438 | PC=0x00000030 | Inst=0xfe62ece3 (bltu    x5, x6, -8)
[2026-04-01 15:27:29.485] [info]    : RETIRE | Cycle   1441 | PC=0x00000028 | Inst=0x00028023 (sb      x0, 0(x5))
[2026-04-01 15:27:29.485] [info]    : RETIRE | Cycle   1442 | PC=0x0000002c | Inst=0x00128293 (addi    x5, x5, 1)
[2026-04-01 15:27:29.485] [info]    : RETIRE | Cycle   1444 | PC=0x00000030 | Inst=0xfe62ece3 (bltu    x5, x6, -8)
[2026-04-01 15:27:29.485] [info]    : RETIRE | Cycle   1447 | PC=0x00000028 | Inst=0x00028023 (sb      x0, 0(x5))
[2026-04-01 15:27:29.485] [info]    : RETIRE | Cycle   1448 | PC=0x0000002c | Inst=0x00128293 (addi    x5, x5, 1)
[2026-04-01 15:27:29.485] [info]    : RETIRE | Cycle   1450 | PC=0x00000030 | Inst=0xfe62ece3 (bltu    x5, x6, -8)
[2026-04-01 15:27:29.485] [info]    : RETIRE | Cycle   1453 | PC=0x00000028 | Inst=0x00028023 (sb      x0, 0(x5))
[2026-04-01 15:27:29.485] [info]    : RETIRE | Cycle   1454 | PC=0x0000002c | Inst=0x00128293 (addi    x5, x5, 1)
[2026-04-01 15:27:29.485] [info]    : RETIRE | Cycle   1456 | PC=0x00000030 | Inst=0xfe62ece3 (bltu    x5, x6, -8)
[2026-04-01 15:27:29.485] [info]    : RETIRE | Cycle   1459 | PC=0x00000028 | Inst=0x00028023 (sb      x0, 0(x5))
[2026-04-01 15:27:29.485] [info]    : RETIRE | Cycle   1460 | PC=0x0000002c | Inst=0x00128293 (addi    x5, x5, 1)
[2026-04-01 15:27:29.485] [info]    : RETIRE | Cycle   1462 | PC=0x00000030 | Inst=0xfe62ece3 (bltu    x5, x6, -8)
[2026-04-01 15:27:29.485] [info]    : RETIRE | Cycle   1465 | PC=0x00000028 | Inst=0x00028023 (sb      x0, 0(x5))
[2026-04-01 15:27:29.485] [info]    : RETIRE | Cycle   1466 | PC=0x0000002c | Inst=0x00128293 (addi    x5, x5, 1)
[2026-04-01 15:27:29.485] [info]    : RETIRE | Cycle   1468 | PC=0x00000030 | Inst=0xfe62ece3 (bltu    x5, x6, -8)
[2026-04-01 15:27:29.485] [info]    : RETIRE | Cycle   1471 | PC=0x00000028 | Inst=0x00028023 (sb      x0, 0(x5))
[2026-04-01 15:27:29.485] [info]    : RETIRE | Cycle   1472 | PC=0x0000002c | Inst=0x00128293 (addi    x5, x5, 1)
[2026-04-01 15:27:29.485] [info]    : RETIRE | Cycle   1474 | PC=0x00000030 | Inst=0xfe62ece3 (bltu    x5, x6, -8)
[2026-04-01 15:27:29.486] [info]    : RETIRE | Cycle   1485 | PC=0x00000028 | Inst=0x00028023 (sb      x0, 0(x5))
[2026-04-01 15:27:29.486] [info]    : RETIRE | Cycle   1486 | PC=0x0000002c | Inst=0x00128293 (addi    x5, x5, 1)
[2026-04-01 15:27:29.486] [info]    : RETIRE | Cycle   1488 | PC=0x00000030 | Inst=0xfe62ece3 (bltu    x5, x6, -8)
[2026-04-01 15:27:29.486] [info]    : RETIRE | Cycle   1491 | PC=0x00000028 | Inst=0x00028023 (sb      x0, 0(x5))
[2026-04-01 15:27:29.486] [info]    : RETIRE | Cycle   1492 | PC=0x0000002c | Inst=0x00128293 (addi    x5, x5, 1)
[2026-04-01 15:27:29.486] [info]    : RETIRE | Cycle   1493 | PC=0x00000030 | Inst=0xfe62ece3 (bltu    x5, x6, -8)
[2026-04-01 15:27:29.486] [info]    : RETIRE | Cycle   1496 | PC=0x00000028 | Inst=0x00028023 (sb      x0, 0(x5))
[2026-04-01 15:27:29.486] [info]    : RETIRE | Cycle   1497 | PC=0x0000002c | Inst=0x00128293 (addi    x5, x5, 1)
[2026-04-01 15:27:29.486] [info]    : RETIRE | Cycle   1498 | PC=0x00000030 | Inst=0xfe62ece3 (bltu    x5, x6, -8)
[2026-04-01 15:27:29.486] [info]    : RETIRE | Cycle   1501 | PC=0x00000028 | Inst=0x00028023 (sb      x0, 0(x5))
[2026-04-01 15:27:29.486] [info]    : RETIRE | Cycle   1502 | PC=0x0000002c | Inst=0x00128293 (addi    x5, x5, 1)
[2026-04-01 15:27:29.486] [info]    : RETIRE | Cycle   1503 | PC=0x00000030 | Inst=0xfe62ece3 (bltu    x5, x6, -8)
[2026-04-01 15:27:29.486] [info]    : RETIRE | Cycle   1506 | PC=0x00000028 | Inst=0x00028023 (sb      x0, 0(x5))
[2026-04-01 15:27:29.486] [info]    : RETIRE | Cycle   1507 | PC=0x0000002c | Inst=0x00128293 (addi    x5, x5, 1)
[2026-04-01 15:27:29.486] [info]    : RETIRE | Cycle   1508 | PC=0x00000030 | Inst=0xfe62ece3 (bltu    x5, x6, -8)
[2026-04-01 15:27:29.486] [info]    : RETIRE | Cycle   1511 | PC=0x00000028 | Inst=0x00028023 (sb      x0, 0(x5))
[2026-04-01 15:27:29.486] [info]    : RETIRE | Cycle   1512 | PC=0x0000002c | Inst=0x00128293 (addi    x5, x5, 1)
[2026-04-01 15:27:29.486] [info]    : RETIRE | Cycle   1513 | PC=0x00000030 | Inst=0xfe62ece3 (bltu    x5, x6, -8)
[2026-04-01 15:27:29.486] [info]    : RETIRE | Cycle   1516 | PC=0x00000028 | Inst=0x00028023 (sb      x0, 0(x5))
[2026-04-01 15:27:29.486] [info]    : RETIRE | Cycle   1517 | PC=0x0000002c | Inst=0x00128293 (addi    x5, x5, 1)
[2026-04-01 15:27:29.486] [info]    : RETIRE | Cycle   1518 | PC=0x00000030 | Inst=0xfe62ece3 (bltu    x5, x6, -8)
[2026-04-01 15:27:29.486] [info]    : RETIRE | Cycle   1521 | PC=0x00000028 | Inst=0x00028023 (sb      x0, 0(x5))
[2026-04-01 15:27:29.486] [info]    : RETIRE | Cycle   1522 | PC=0x0000002c | Inst=0x00128293 (addi    x5, x5, 1)
[2026-04-01 15:27:29.486] [info]    : RETIRE | Cycle   1523 | PC=0x00000030 | Inst=0xfe62ece3 (bltu    x5, x6, -8)
[2026-04-01 15:27:29.486] [info]    : RETIRE | Cycle   1526 | PC=0x00000028 | Inst=0x00028023 (sb      x0, 0(x5))
[2026-04-01 15:27:29.486] [info]    : RETIRE | Cycle   1527 | PC=0x0000002c | Inst=0x00128293 (addi    x5, x5, 1)
[2026-04-01 15:27:29.486] [info]    : RETIRE | Cycle   1528 | PC=0x00000030 | Inst=0xfe62ece3 (bltu    x5, x6, -8)
[2026-04-01 15:27:29.486] [info]    : RETIRE | Cycle   1531 | PC=0x00000028 | Inst=0x00028023 (sb      x0, 0(x5))
[2026-04-01 15:27:29.486] [info]    : RETIRE | Cycle   1532 | PC=0x0000002c | Inst=0x00128293 (addi    x5, x5, 1)
[2026-04-01 15:27:29.486] [info]    : RETIRE | Cycle   1534 | PC=0x00000030 | Inst=0xfe62ece3 (bltu    x5, x6, -8)
[2026-04-01 15:27:29.486] [info]    : RETIRE | Cycle   1537 | PC=0x00000028 | Inst=0x00028023 (sb      x0, 0(x5))
[2026-04-01 15:27:29.486] [info]    : RETIRE | Cycle   1538 | PC=0x0000002c | Inst=0x00128293 (addi    x5, x5, 1)
[2026-04-01 15:27:29.486] [info]    : RETIRE | Cycle   1540 | PC=0x00000030 | Inst=0xfe62ece3 (bltu    x5, x6, -8)
[2026-04-01 15:27:29.486] [info]    : RETIRE | Cycle   1543 | PC=0x00000028 | Inst=0x00028023 (sb      x0, 0(x5))
[2026-04-01 15:27:29.486] [info]    : RETIRE | Cycle   1544 | PC=0x0000002c | Inst=0x00128293 (addi    x5, x5, 1)
[2026-04-01 15:27:29.486] [info]    : RETIRE | Cycle   1546 | PC=0x00000030 | Inst=0xfe62ece3 (bltu    x5, x6, -8)
[2026-04-01 15:27:29.486] [info]    : RETIRE | Cycle   1549 | PC=0x00000028 | Inst=0x00028023 (sb      x0, 0(x5))
[2026-04-01 15:27:29.486] [info]    : RETIRE | Cycle   1550 | PC=0x0000002c | Inst=0x00128293 (addi    x5, x5, 1)
[2026-04-01 15:27:29.486] [info]    : RETIRE | Cycle   1552 | PC=0x00000030 | Inst=0xfe62ece3 (bltu    x5, x6, -8)
[2026-04-01 15:27:29.486] [info]    : RETIRE | Cycle   1555 | PC=0x00000028 | Inst=0x00028023 (sb      x0, 0(x5))
[2026-04-01 15:27:29.486] [info]    : RETIRE | Cycle   1556 | PC=0x0000002c | Inst=0x00128293 (addi    x5, x5, 1)
[2026-04-01 15:27:29.486] [info]    : RETIRE | Cycle   1558 | PC=0x00000030 | Inst=0xfe62ece3 (bltu    x5, x6, -8)
[2026-04-01 15:27:29.486] [info]    : RETIRE | Cycle   1561 | PC=0x00000028 | Inst=0x00028023 (sb      x0, 0(x5))
[2026-04-01 15:27:29.486] [info]    : RETIRE | Cycle   1562 | PC=0x0000002c | Inst=0x00128293 (addi    x5, x5, 1)
[2026-04-01 15:27:29.486] [info]    : RETIRE | Cycle   1564 | PC=0x00000030 | Inst=0xfe62ece3 (bltu    x5, x6, -8)
[2026-04-01 15:27:29.486] [info]    : RETIRE | Cycle   1567 | PC=0x00000028 | Inst=0x00028023 (sb      x0, 0(x5))
[2026-04-01 15:27:29.486] [info]    : RETIRE | Cycle   1568 | PC=0x0000002c | Inst=0x00128293 (addi    x5, x5, 1)
[2026-04-01 15:27:29.486] [info]    : RETIRE | Cycle   1570 | PC=0x00000030 | Inst=0xfe62ece3 (bltu    x5, x6, -8)
[2026-04-01 15:27:29.486] [info]    : RETIRE | Cycle   1581 | PC=0x00000028 | Inst=0x00028023 (sb      x0, 0(x5))
[2026-04-01 15:27:29.486] [info]    : RETIRE | Cycle   1582 | PC=0x0000002c | Inst=0x00128293 (addi    x5, x5, 1)
[2026-04-01 15:27:29.486] [info]    : RETIRE | Cycle   1584 | PC=0x00000030 | Inst=0xfe62ece3 (bltu    x5, x6, -8)
[2026-04-01 15:27:29.486] [info]    : RETIRE | Cycle   1587 | PC=0x00000028 | Inst=0x00028023 (sb      x0, 0(x5))
[2026-04-01 15:27:29.486] [info]    : RETIRE | Cycle   1588 | PC=0x0000002c | Inst=0x00128293 (addi    x5, x5, 1)
[2026-04-01 15:27:29.486] [info]    : RETIRE | Cycle   1589 | PC=0x00000030 | Inst=0xfe62ece3 (bltu    x5, x6, -8)
[2026-04-01 15:27:29.486] [info]    : RETIRE | Cycle   1592 | PC=0x00000028 | Inst=0x00028023 (sb      x0, 0(x5))
[2026-04-01 15:27:29.486] [info]    : RETIRE | Cycle   1593 | PC=0x0000002c | Inst=0x00128293 (addi    x5, x5, 1)
[2026-04-01 15:27:29.486] [info]    : RETIRE | Cycle   1594 | PC=0x00000030 | Inst=0xfe62ece3 (bltu    x5, x6, -8)
[2026-04-01 15:27:29.486] [info]    : RETIRE | Cycle   1597 | PC=0x00000028 | Inst=0x00028023 (sb      x0, 0(x5))
[2026-04-01 15:27:29.486] [info]    : RETIRE | Cycle   1598 | PC=0x0000002c | Inst=0x00128293 (addi    x5, x5, 1)
[2026-04-01 15:27:29.486] [info]    : RETIRE | Cycle   1599 | PC=0x00000030 | Inst=0xfe62ece3 (bltu    x5, x6, -8)
[2026-04-01 15:27:29.486] [info]    : RETIRE | Cycle   1602 | PC=0x00000028 | Inst=0x00028023 (sb      x0, 0(x5))
[2026-04-01 15:27:29.486] [info]    : RETIRE | Cycle   1603 | PC=0x0000002c | Inst=0x00128293 (addi    x5, x5, 1)
[2026-04-01 15:27:29.486] [info]    : RETIRE | Cycle   1604 | PC=0x00000030 | Inst=0xfe62ece3 (bltu    x5, x6, -8)
[2026-04-01 15:27:29.486] [info]    : RETIRE | Cycle   1607 | PC=0x00000028 | Inst=0x00028023 (sb      x0, 0(x5))
[2026-04-01 15:27:29.486] [info]    : RETIRE | Cycle   1608 | PC=0x0000002c | Inst=0x00128293 (addi    x5, x5, 1)
[2026-04-01 15:27:29.486] [info]    : RETIRE | Cycle   1609 | PC=0x00000030 | Inst=0xfe62ece3 (bltu    x5, x6, -8)
[2026-04-01 15:27:29.486] [info]    : RETIRE | Cycle   1612 | PC=0x00000028 | Inst=0x00028023 (sb      x0, 0(x5))
[2026-04-01 15:27:29.486] [info]    : RETIRE | Cycle   1613 | PC=0x0000002c | Inst=0x00128293 (addi    x5, x5, 1)
[2026-04-01 15:27:29.486] [info]    : RETIRE | Cycle   1614 | PC=0x00000030 | Inst=0xfe62ece3 (bltu    x5, x6, -8)
[2026-04-01 15:27:29.486] [info]    : RETIRE | Cycle   1617 | PC=0x00000028 | Inst=0x00028023 (sb      x0, 0(x5))
[2026-04-01 15:27:29.486] [info]    : RETIRE | Cycle   1618 | PC=0x0000002c | Inst=0x00128293 (addi    x5, x5, 1)
[2026-04-01 15:27:29.486] [info]    : RETIRE | Cycle   1619 | PC=0x00000030 | Inst=0xfe62ece3 (bltu    x5, x6, -8)
[2026-04-01 15:27:29.486] [info]    : RETIRE | Cycle   1622 | PC=0x00000028 | Inst=0x00028023 (sb      x0, 0(x5))
[2026-04-01 15:27:29.486] [info]    : RETIRE | Cycle   1623 | PC=0x0000002c | Inst=0x00128293 (addi    x5, x5, 1)
[2026-04-01 15:27:29.486] [info]    : RETIRE | Cycle   1624 | PC=0x00000030 | Inst=0xfe62ece3 (bltu    x5, x6, -8)
[2026-04-01 15:27:29.486] [info]    : RETIRE | Cycle   1627 | PC=0x00000028 | Inst=0x00028023 (sb      x0, 0(x5))
[2026-04-01 15:27:29.486] [info]    : RETIRE | Cycle   1628 | PC=0x0000002c | Inst=0x00128293 (addi    x5, x5, 1)
[2026-04-01 15:27:29.486] [info]    : RETIRE | Cycle   1630 | PC=0x00000030 | Inst=0xfe62ece3 (bltu    x5, x6, -8)
[2026-04-01 15:27:29.486] [info]    : RETIRE | Cycle   1633 | PC=0x00000028 | Inst=0x00028023 (sb      x0, 0(x5))
[2026-04-01 15:27:29.486] [info]    : RETIRE | Cycle   1634 | PC=0x0000002c | Inst=0x00128293 (addi    x5, x5, 1)
[2026-04-01 15:27:29.486] [info]    : RETIRE | Cycle   1636 | PC=0x00000030 | Inst=0xfe62ece3 (bltu    x5, x6, -8)
[2026-04-01 15:27:29.486] [info]    : RETIRE | Cycle   1639 | PC=0x00000028 | Inst=0x00028023 (sb      x0, 0(x5))
[2026-04-01 15:27:29.486] [info]    : RETIRE | Cycle   1640 | PC=0x0000002c | Inst=0x00128293 (addi    x5, x5, 1)
[2026-04-01 15:27:29.486] [info]    : RETIRE | Cycle   1642 | PC=0x00000030 | Inst=0xfe62ece3 (bltu    x5, x6, -8)
[2026-04-01 15:27:29.486] [info]    : RETIRE | Cycle   1645 | PC=0x00000028 | Inst=0x00028023 (sb      x0, 0(x5))
[2026-04-01 15:27:29.486] [info]    : RETIRE | Cycle   1646 | PC=0x0000002c | Inst=0x00128293 (addi    x5, x5, 1)
[2026-04-01 15:27:29.486] [info]    : RETIRE | Cycle   1648 | PC=0x00000030 | Inst=0xfe62ece3 (bltu    x5, x6, -8)
[2026-04-01 15:27:29.487] [info]    : RETIRE | Cycle   1651 | PC=0x00000028 | Inst=0x00028023 (sb      x0, 0(x5))
[2026-04-01 15:27:29.487] [info]    : RETIRE | Cycle   1652 | PC=0x0000002c | Inst=0x00128293 (addi    x5, x5, 1)
[2026-04-01 15:27:29.487] [info]    : RETIRE | Cycle   1654 | PC=0x00000030 | Inst=0xfe62ece3 (bltu    x5, x6, -8)
[2026-04-01 15:27:29.487] [info]    : RETIRE | Cycle   1657 | PC=0x00000028 | Inst=0x00028023 (sb      x0, 0(x5))
[2026-04-01 15:27:29.487] [info]    : RETIRE | Cycle   1658 | PC=0x0000002c | Inst=0x00128293 (addi    x5, x5, 1)
[2026-04-01 15:27:29.487] [info]    : RETIRE | Cycle   1660 | PC=0x00000030 | Inst=0xfe62ece3 (bltu    x5, x6, -8)
[2026-04-01 15:27:29.487] [info]    : RETIRE | Cycle   1663 | PC=0x00000028 | Inst=0x00028023 (sb      x0, 0(x5))
[2026-04-01 15:27:29.487] [info]    : RETIRE | Cycle   1664 | PC=0x0000002c | Inst=0x00128293 (addi    x5, x5, 1)
[2026-04-01 15:27:29.487] [info]    : RETIRE | Cycle   1666 | PC=0x00000030 | Inst=0xfe62ece3 (bltu    x5, x6, -8)
[2026-04-01 15:27:29.487] [info]    : RETIRE | Cycle   1677 | PC=0x00000028 | Inst=0x00028023 (sb      x0, 0(x5))
[2026-04-01 15:27:29.487] [info]    : RETIRE | Cycle   1678 | PC=0x0000002c | Inst=0x00128293 (addi    x5, x5, 1)
[2026-04-01 15:27:29.487] [info]    : RETIRE | Cycle   1680 | PC=0x00000030 | Inst=0xfe62ece3 (bltu    x5, x6, -8)
[2026-04-01 15:27:29.487] [info]    : RETIRE | Cycle   1683 | PC=0x00000028 | Inst=0x00028023 (sb      x0, 0(x5))
[2026-04-01 15:27:29.487] [info]    : RETIRE | Cycle   1684 | PC=0x0000002c | Inst=0x00128293 (addi    x5, x5, 1)
[2026-04-01 15:27:29.487] [info]    : RETIRE | Cycle   1685 | PC=0x00000030 | Inst=0xfe62ece3 (bltu    x5, x6, -8)
[2026-04-01 15:27:29.487] [info]    : RETIRE | Cycle   1688 | PC=0x00000028 | Inst=0x00028023 (sb      x0, 0(x5))
[2026-04-01 15:27:29.487] [info]    : RETIRE | Cycle   1689 | PC=0x0000002c | Inst=0x00128293 (addi    x5, x5, 1)
[2026-04-01 15:27:29.487] [info]    : RETIRE | Cycle   1690 | PC=0x00000030 | Inst=0xfe62ece3 (bltu    x5, x6, -8)
[2026-04-01 15:27:29.487] [info]    : RETIRE | Cycle   1693 | PC=0x00000028 | Inst=0x00028023 (sb      x0, 0(x5))
[2026-04-01 15:27:29.487] [info]    : RETIRE | Cycle   1694 | PC=0x0000002c | Inst=0x00128293 (addi    x5, x5, 1)
[2026-04-01 15:27:29.487] [info]    : RETIRE | Cycle   1695 | PC=0x00000030 | Inst=0xfe62ece3 (bltu    x5, x6, -8)
[2026-04-01 15:27:29.487] [info]    : RETIRE | Cycle   1698 | PC=0x00000028 | Inst=0x00028023 (sb      x0, 0(x5))
[2026-04-01 15:27:29.487] [info]    : RETIRE | Cycle   1699 | PC=0x0000002c | Inst=0x00128293 (addi    x5, x5, 1)
[2026-04-01 15:27:29.487] [info]    : RETIRE | Cycle   1700 | PC=0x00000030 | Inst=0xfe62ece3 (bltu    x5, x6, -8)
[2026-04-01 15:27:29.487] [info]    : RETIRE | Cycle   1703 | PC=0x00000028 | Inst=0x00028023 (sb      x0, 0(x5))
[2026-04-01 15:27:29.487] [info]    : RETIRE | Cycle   1704 | PC=0x0000002c | Inst=0x00128293 (addi    x5, x5, 1)
[2026-04-01 15:27:29.487] [info]    : RETIRE | Cycle   1705 | PC=0x00000030 | Inst=0xfe62ece3 (bltu    x5, x6, -8)
[2026-04-01 15:27:29.487] [info]    : RETIRE | Cycle   1708 | PC=0x00000028 | Inst=0x00028023 (sb      x0, 0(x5))
[2026-04-01 15:27:29.487] [info]    : RETIRE | Cycle   1709 | PC=0x0000002c | Inst=0x00128293 (addi    x5, x5, 1)
[2026-04-01 15:27:29.487] [info]    : RETIRE | Cycle   1710 | PC=0x00000030 | Inst=0xfe62ece3 (bltu    x5, x6, -8)
[2026-04-01 15:27:29.487] [info]    : RETIRE | Cycle   1713 | PC=0x00000028 | Inst=0x00028023 (sb      x0, 0(x5))
[2026-04-01 15:27:29.487] [info]    : RETIRE | Cycle   1714 | PC=0x0000002c | Inst=0x00128293 (addi    x5, x5, 1)
[2026-04-01 15:27:29.487] [info]    : RETIRE | Cycle   1715 | PC=0x00000030 | Inst=0xfe62ece3 (bltu    x5, x6, -8)
[2026-04-01 15:27:29.487] [info]    : RETIRE | Cycle   1718 | PC=0x00000028 | Inst=0x00028023 (sb      x0, 0(x5))
[2026-04-01 15:27:29.487] [info]    : RETIRE | Cycle   1719 | PC=0x0000002c | Inst=0x00128293 (addi    x5, x5, 1)
[2026-04-01 15:27:29.487] [info]    : RETIRE | Cycle   1720 | PC=0x00000030 | Inst=0xfe62ece3 (bltu    x5, x6, -8)
[2026-04-01 15:27:29.487] [info]    : RETIRE | Cycle   1723 | PC=0x00000028 | Inst=0x00028023 (sb      x0, 0(x5))
[2026-04-01 15:27:29.487] [info]    : RETIRE | Cycle   1724 | PC=0x0000002c | Inst=0x00128293 (addi    x5, x5, 1)
[2026-04-01 15:27:29.487] [info]    : RETIRE | Cycle   1726 | PC=0x00000030 | Inst=0xfe62ece3 (bltu    x5, x6, -8)
[2026-04-01 15:27:29.487] [info]    : RETIRE | Cycle   1729 | PC=0x00000028 | Inst=0x00028023 (sb      x0, 0(x5))
[2026-04-01 15:27:29.487] [info]    : RETIRE | Cycle   1730 | PC=0x0000002c | Inst=0x00128293 (addi    x5, x5, 1)
[2026-04-01 15:27:29.487] [info]    : RETIRE | Cycle   1732 | PC=0x00000030 | Inst=0xfe62ece3 (bltu    x5, x6, -8)
[2026-04-01 15:27:29.487] [info]    : RETIRE | Cycle   1735 | PC=0x00000028 | Inst=0x00028023 (sb      x0, 0(x5))
[2026-04-01 15:27:29.487] [info]    : RETIRE | Cycle   1736 | PC=0x0000002c | Inst=0x00128293 (addi    x5, x5, 1)
[2026-04-01 15:27:29.487] [info]    : RETIRE | Cycle   1738 | PC=0x00000030 | Inst=0xfe62ece3 (bltu    x5, x6, -8)
[2026-04-01 15:27:29.487] [info]    : RETIRE | Cycle   1741 | PC=0x00000028 | Inst=0x00028023 (sb      x0, 0(x5))
[2026-04-01 15:27:29.487] [info]    : RETIRE | Cycle   1742 | PC=0x0000002c | Inst=0x00128293 (addi    x5, x5, 1)
[2026-04-01 15:27:29.487] [info]    : RETIRE | Cycle   1744 | PC=0x00000030 | Inst=0xfe62ece3 (bltu    x5, x6, -8)
[2026-04-01 15:27:29.487] [info]    : RETIRE | Cycle   1747 | PC=0x00000028 | Inst=0x00028023 (sb      x0, 0(x5))
[2026-04-01 15:27:29.487] [info]    : RETIRE | Cycle   1748 | PC=0x0000002c | Inst=0x00128293 (addi    x5, x5, 1)
[2026-04-01 15:27:29.487] [info]    : RETIRE | Cycle   1750 | PC=0x00000030 | Inst=0xfe62ece3 (bltu    x5, x6, -8)
[2026-04-01 15:27:29.487] [info]    : RETIRE | Cycle   1753 | PC=0x00000028 | Inst=0x00028023 (sb      x0, 0(x5))
[2026-04-01 15:27:29.487] [info]    : RETIRE | Cycle   1754 | PC=0x0000002c | Inst=0x00128293 (addi    x5, x5, 1)
[2026-04-01 15:27:29.487] [info]    : RETIRE | Cycle   1756 | PC=0x00000030 | Inst=0xfe62ece3 (bltu    x5, x6, -8)
[2026-04-01 15:27:29.487] [info]    : RETIRE | Cycle   1759 | PC=0x00000028 | Inst=0x00028023 (sb      x0, 0(x5))
[2026-04-01 15:27:29.487] [info]    : RETIRE | Cycle   1760 | PC=0x0000002c | Inst=0x00128293 (addi    x5, x5, 1)
[2026-04-01 15:27:29.487] [info]    : RETIRE | Cycle   1762 | PC=0x00000030 | Inst=0xfe62ece3 (bltu    x5, x6, -8)
[2026-04-01 15:27:29.487] [info]    : RETIRE | Cycle   1773 | PC=0x00000028 | Inst=0x00028023 (sb      x0, 0(x5))
[2026-04-01 15:27:29.487] [info]    : RETIRE | Cycle   1774 | PC=0x0000002c | Inst=0x00128293 (addi    x5, x5, 1)
[2026-04-01 15:27:29.487] [info]    : RETIRE | Cycle   1776 | PC=0x00000030 | Inst=0xfe62ece3 (bltu    x5, x6, -8)
[2026-04-01 15:27:29.487] [info]    : RETIRE | Cycle   1779 | PC=0x00000028 | Inst=0x00028023 (sb      x0, 0(x5))
[2026-04-01 15:27:29.487] [info]    : RETIRE | Cycle   1780 | PC=0x0000002c | Inst=0x00128293 (addi    x5, x5, 1)
[2026-04-01 15:27:29.487] [info]    : RETIRE | Cycle   1781 | PC=0x00000030 | Inst=0xfe62ece3 (bltu    x5, x6, -8)
[2026-04-01 15:27:29.487] [info]    : RETIRE | Cycle   1784 | PC=0x00000028 | Inst=0x00028023 (sb      x0, 0(x5))
[2026-04-01 15:27:29.487] [info]    : RETIRE | Cycle   1785 | PC=0x0000002c | Inst=0x00128293 (addi    x5, x5, 1)
[2026-04-01 15:27:29.487] [info]    : RETIRE | Cycle   1786 | PC=0x00000030 | Inst=0xfe62ece3 (bltu    x5, x6, -8)
[2026-04-01 15:27:29.487] [info]    : RETIRE | Cycle   1789 | PC=0x00000028 | Inst=0x00028023 (sb      x0, 0(x5))
[2026-04-01 15:27:29.487] [info]    : RETIRE | Cycle   1790 | PC=0x0000002c | Inst=0x00128293 (addi    x5, x5, 1)
[2026-04-01 15:27:29.487] [info]    : RETIRE | Cycle   1791 | PC=0x00000030 | Inst=0xfe62ece3 (bltu    x5, x6, -8)
[2026-04-01 15:27:29.487] [info]    : RETIRE | Cycle   1794 | PC=0x00000028 | Inst=0x00028023 (sb      x0, 0(x5))
[2026-04-01 15:27:29.487] [info]    : RETIRE | Cycle   1795 | PC=0x0000002c | Inst=0x00128293 (addi    x5, x5, 1)
[2026-04-01 15:27:29.487] [info]    : RETIRE | Cycle   1796 | PC=0x00000030 | Inst=0xfe62ece3 (bltu    x5, x6, -8)
[2026-04-01 15:27:29.487] [info]    : RETIRE | Cycle   1799 | PC=0x00000028 | Inst=0x00028023 (sb      x0, 0(x5))
[2026-04-01 15:27:29.487] [info]    : RETIRE | Cycle   1800 | PC=0x0000002c | Inst=0x00128293 (addi    x5, x5, 1)
[2026-04-01 15:27:29.487] [info]    : RETIRE | Cycle   1801 | PC=0x00000030 | Inst=0xfe62ece3 (bltu    x5, x6, -8)
[2026-04-01 15:27:29.487] [info]    : RETIRE | Cycle   1804 | PC=0x00000028 | Inst=0x00028023 (sb      x0, 0(x5))
[2026-04-01 15:27:29.487] [info]    : RETIRE | Cycle   1805 | PC=0x0000002c | Inst=0x00128293 (addi    x5, x5, 1)
[2026-04-01 15:27:29.487] [info]    : RETIRE | Cycle   1806 | PC=0x00000030 | Inst=0xfe62ece3 (bltu    x5, x6, -8)
[2026-04-01 15:27:29.487] [info]    : RETIRE | Cycle   1809 | PC=0x00000028 | Inst=0x00028023 (sb      x0, 0(x5))
[2026-04-01 15:27:29.487] [info]    : RETIRE | Cycle   1810 | PC=0x0000002c | Inst=0x00128293 (addi    x5, x5, 1)
[2026-04-01 15:27:29.487] [info]    : RETIRE | Cycle   1811 | PC=0x00000030 | Inst=0xfe62ece3 (bltu    x5, x6, -8)
[2026-04-01 15:27:29.487] [info]    : RETIRE | Cycle   1814 | PC=0x00000028 | Inst=0x00028023 (sb      x0, 0(x5))
[2026-04-01 15:27:29.487] [info]    : RETIRE | Cycle   1815 | PC=0x0000002c | Inst=0x00128293 (addi    x5, x5, 1)
[2026-04-01 15:27:29.487] [info]    : RETIRE | Cycle   1816 | PC=0x00000030 | Inst=0xfe62ece3 (bltu    x5, x6, -8)
[2026-04-01 15:27:29.487] [info]    : RETIRE | Cycle   1819 | PC=0x00000028 | Inst=0x00028023 (sb      x0, 0(x5))
[2026-04-01 15:27:29.487] [info]    : RETIRE | Cycle   1820 | PC=0x0000002c | Inst=0x00128293 (addi    x5, x5, 1)
[2026-04-01 15:27:29.488] [info]    : RETIRE | Cycle   1822 | PC=0x00000030 | Inst=0xfe62ece3 (bltu    x5, x6, -8)
[2026-04-01 15:27:29.488] [info]    : RETIRE | Cycle   1825 | PC=0x00000028 | Inst=0x00028023 (sb      x0, 0(x5))
[2026-04-01 15:27:29.488] [info]    : RETIRE | Cycle   1826 | PC=0x0000002c | Inst=0x00128293 (addi    x5, x5, 1)
[2026-04-01 15:27:29.488] [info]    : RETIRE | Cycle   1828 | PC=0x00000030 | Inst=0xfe62ece3 (bltu    x5, x6, -8)
[2026-04-01 15:27:29.488] [info]    : RETIRE | Cycle   1831 | PC=0x00000028 | Inst=0x00028023 (sb      x0, 0(x5))
[2026-04-01 15:27:29.488] [info]    : RETIRE | Cycle   1832 | PC=0x0000002c | Inst=0x00128293 (addi    x5, x5, 1)
[2026-04-01 15:27:29.488] [info]    : RETIRE | Cycle   1834 | PC=0x00000030 | Inst=0xfe62ece3 (bltu    x5, x6, -8)
[2026-04-01 15:27:29.488] [info]    : RETIRE | Cycle   1837 | PC=0x00000028 | Inst=0x00028023 (sb      x0, 0(x5))
[2026-04-01 15:27:29.488] [info]    : RETIRE | Cycle   1838 | PC=0x0000002c | Inst=0x00128293 (addi    x5, x5, 1)
[2026-04-01 15:27:29.488] [info]    : RETIRE | Cycle   1840 | PC=0x00000030 | Inst=0xfe62ece3 (bltu    x5, x6, -8)
[2026-04-01 15:27:29.488] [info]    : RETIRE | Cycle   1843 | PC=0x00000028 | Inst=0x00028023 (sb      x0, 0(x5))
[2026-04-01 15:27:29.488] [info]    : RETIRE | Cycle   1844 | PC=0x0000002c | Inst=0x00128293 (addi    x5, x5, 1)
[2026-04-01 15:27:29.488] [info]    : RETIRE | Cycle   1846 | PC=0x00000030 | Inst=0xfe62ece3 (bltu    x5, x6, -8)
[2026-04-01 15:27:29.488] [info]    : RETIRE | Cycle   1849 | PC=0x00000028 | Inst=0x00028023 (sb      x0, 0(x5))
[2026-04-01 15:27:29.488] [info]    : RETIRE | Cycle   1850 | PC=0x0000002c | Inst=0x00128293 (addi    x5, x5, 1)
[2026-04-01 15:27:29.488] [info]    : RETIRE | Cycle   1852 | PC=0x00000030 | Inst=0xfe62ece3 (bltu    x5, x6, -8)
[2026-04-01 15:27:29.488] [info]    : RETIRE | Cycle   1855 | PC=0x00000028 | Inst=0x00028023 (sb      x0, 0(x5))
[2026-04-01 15:27:29.488] [info]    : RETIRE | Cycle   1856 | PC=0x0000002c | Inst=0x00128293 (addi    x5, x5, 1)
[2026-04-01 15:27:29.488] [info]    : RETIRE | Cycle   1858 | PC=0x00000030 | Inst=0xfe62ece3 (bltu    x5, x6, -8)
[2026-04-01 15:27:29.488] [info]    : RETIRE | Cycle   1869 | PC=0x00000028 | Inst=0x00028023 (sb      x0, 0(x5))
[2026-04-01 15:27:29.488] [info]    : RETIRE | Cycle   1870 | PC=0x0000002c | Inst=0x00128293 (addi    x5, x5, 1)
[2026-04-01 15:27:29.488] [info]    : RETIRE | Cycle   1872 | PC=0x00000030 | Inst=0xfe62ece3 (bltu    x5, x6, -8)
[2026-04-01 15:27:29.488] [info]    : RETIRE | Cycle   1875 | PC=0x00000028 | Inst=0x00028023 (sb      x0, 0(x5))
[2026-04-01 15:27:29.488] [info]    : RETIRE | Cycle   1876 | PC=0x0000002c | Inst=0x00128293 (addi    x5, x5, 1)
[2026-04-01 15:27:29.488] [info]    : RETIRE | Cycle   1877 | PC=0x00000030 | Inst=0xfe62ece3 (bltu    x5, x6, -8)
[2026-04-01 15:27:29.488] [info]    : RETIRE | Cycle   1880 | PC=0x00000028 | Inst=0x00028023 (sb      x0, 0(x5))
[2026-04-01 15:27:29.488] [info]    : RETIRE | Cycle   1881 | PC=0x0000002c | Inst=0x00128293 (addi    x5, x5, 1)
[2026-04-01 15:27:29.488] [info]    : RETIRE | Cycle   1882 | PC=0x00000030 | Inst=0xfe62ece3 (bltu    x5, x6, -8)
[2026-04-01 15:27:29.488] [info]    : RETIRE | Cycle   1885 | PC=0x00000028 | Inst=0x00028023 (sb      x0, 0(x5))
[2026-04-01 15:27:29.488] [info]    : RETIRE | Cycle   1886 | PC=0x0000002c | Inst=0x00128293 (addi    x5, x5, 1)
[2026-04-01 15:27:29.488] [info]    : RETIRE | Cycle   1887 | PC=0x00000030 | Inst=0xfe62ece3 (bltu    x5, x6, -8)
[2026-04-01 15:27:29.488] [info]    : RETIRE | Cycle   1890 | PC=0x00000028 | Inst=0x00028023 (sb      x0, 0(x5))
[2026-04-01 15:27:29.488] [info]    : RETIRE | Cycle   1891 | PC=0x0000002c | Inst=0x00128293 (addi    x5, x5, 1)
[2026-04-01 15:27:29.488] [info]    : RETIRE | Cycle   1892 | PC=0x00000030 | Inst=0xfe62ece3 (bltu    x5, x6, -8)
[2026-04-01 15:27:29.488] [info]    : RETIRE | Cycle   1895 | PC=0x00000028 | Inst=0x00028023 (sb      x0, 0(x5))
[2026-04-01 15:27:29.488] [info]    : RETIRE | Cycle   1896 | PC=0x0000002c | Inst=0x00128293 (addi    x5, x5, 1)
[2026-04-01 15:27:29.488] [info]    : RETIRE | Cycle   1897 | PC=0x00000030 | Inst=0xfe62ece3 (bltu    x5, x6, -8)
[2026-04-01 15:27:29.488] [info]    : RETIRE | Cycle   1900 | PC=0x00000028 | Inst=0x00028023 (sb      x0, 0(x5))
[2026-04-01 15:27:29.488] [info]    : RETIRE | Cycle   1901 | PC=0x0000002c | Inst=0x00128293 (addi    x5, x5, 1)
[2026-04-01 15:27:29.488] [info]    : RETIRE | Cycle   1902 | PC=0x00000030 | Inst=0xfe62ece3 (bltu    x5, x6, -8)
[2026-04-01 15:27:29.488] [info]    : RETIRE | Cycle   1905 | PC=0x00000028 | Inst=0x00028023 (sb      x0, 0(x5))
[2026-04-01 15:27:29.488] [info]    : RETIRE | Cycle   1906 | PC=0x0000002c | Inst=0x00128293 (addi    x5, x5, 1)
[2026-04-01 15:27:29.488] [info]    : RETIRE | Cycle   1907 | PC=0x00000030 | Inst=0xfe62ece3 (bltu    x5, x6, -8)
[2026-04-01 15:27:29.488] [info]    : RETIRE | Cycle   1910 | PC=0x00000028 | Inst=0x00028023 (sb      x0, 0(x5))
[2026-04-01 15:27:29.488] [info]    : RETIRE | Cycle   1911 | PC=0x0000002c | Inst=0x00128293 (addi    x5, x5, 1)
[2026-04-01 15:27:29.488] [info]    : RETIRE | Cycle   1912 | PC=0x00000030 | Inst=0xfe62ece3 (bltu    x5, x6, -8)
[2026-04-01 15:27:29.488] [info]    : RETIRE | Cycle   1915 | PC=0x00000028 | Inst=0x00028023 (sb      x0, 0(x5))
[2026-04-01 15:27:29.488] [info]    : RETIRE | Cycle   1916 | PC=0x0000002c | Inst=0x00128293 (addi    x5, x5, 1)
[2026-04-01 15:27:29.488] [info]    : RETIRE | Cycle   1918 | PC=0x00000030 | Inst=0xfe62ece3 (bltu    x5, x6, -8)
[2026-04-01 15:27:29.488] [info]    : RETIRE | Cycle   1921 | PC=0x00000028 | Inst=0x00028023 (sb      x0, 0(x5))
[2026-04-01 15:27:29.488] [info]    : RETIRE | Cycle   1922 | PC=0x0000002c | Inst=0x00128293 (addi    x5, x5, 1)
[2026-04-01 15:27:29.488] [info]    : RETIRE | Cycle   1924 | PC=0x00000030 | Inst=0xfe62ece3 (bltu    x5, x6, -8)
[2026-04-01 15:27:29.488] [info]    : RETIRE | Cycle   1927 | PC=0x00000028 | Inst=0x00028023 (sb      x0, 0(x5))
[2026-04-01 15:27:29.488] [info]    : RETIRE | Cycle   1928 | PC=0x0000002c | Inst=0x00128293 (addi    x5, x5, 1)
[2026-04-01 15:27:29.488] [info]    : RETIRE | Cycle   1930 | PC=0x00000030 | Inst=0xfe62ece3 (bltu    x5, x6, -8)
[2026-04-01 15:27:29.488] [info]    : RETIRE | Cycle   1933 | PC=0x00000028 | Inst=0x00028023 (sb      x0, 0(x5))
[2026-04-01 15:27:29.488] [info]    : RETIRE | Cycle   1934 | PC=0x0000002c | Inst=0x00128293 (addi    x5, x5, 1)
[2026-04-01 15:27:29.488] [info]    : RETIRE | Cycle   1936 | PC=0x00000030 | Inst=0xfe62ece3 (bltu    x5, x6, -8)
[2026-04-01 15:27:29.488] [info]    : RETIRE | Cycle   1939 | PC=0x00000028 | Inst=0x00028023 (sb      x0, 0(x5))
[2026-04-01 15:27:29.488] [info]    : RETIRE | Cycle   1940 | PC=0x0000002c | Inst=0x00128293 (addi    x5, x5, 1)
[2026-04-01 15:27:29.488] [info]    : RETIRE | Cycle   1942 | PC=0x00000030 | Inst=0xfe62ece3 (bltu    x5, x6, -8)
[2026-04-01 15:27:29.488] [info]    : RETIRE | Cycle   1945 | PC=0x00000028 | Inst=0x00028023 (sb      x0, 0(x5))
[2026-04-01 15:27:29.488] [info]    : RETIRE | Cycle   1946 | PC=0x0000002c | Inst=0x00128293 (addi    x5, x5, 1)
[2026-04-01 15:27:29.488] [info]    : RETIRE | Cycle   1948 | PC=0x00000030 | Inst=0xfe62ece3 (bltu    x5, x6, -8)
[2026-04-01 15:27:29.488] [info]    : RETIRE | Cycle   1951 | PC=0x00000028 | Inst=0x00028023 (sb      x0, 0(x5))
[2026-04-01 15:27:29.488] [info]    : RETIRE | Cycle   1952 | PC=0x0000002c | Inst=0x00128293 (addi    x5, x5, 1)
[2026-04-01 15:27:29.488] [info]    : RETIRE | Cycle   1954 | PC=0x00000030 | Inst=0xfe62ece3 (bltu    x5, x6, -8)
[2026-04-01 15:27:29.488] [info]    : RETIRE | Cycle   1965 | PC=0x00000028 | Inst=0x00028023 (sb      x0, 0(x5))
[2026-04-01 15:27:29.488] [info]    : RETIRE | Cycle   1966 | PC=0x0000002c | Inst=0x00128293 (addi    x5, x5, 1)
[2026-04-01 15:27:29.488] [info]    : RETIRE | Cycle   1968 | PC=0x00000030 | Inst=0xfe62ece3 (bltu    x5, x6, -8)
[2026-04-01 15:27:29.488] [info]    : RETIRE | Cycle   1971 | PC=0x00000028 | Inst=0x00028023 (sb      x0, 0(x5))
[2026-04-01 15:27:29.488] [info]    : RETIRE | Cycle   1972 | PC=0x0000002c | Inst=0x00128293 (addi    x5, x5, 1)
[2026-04-01 15:27:29.488] [info]    : RETIRE | Cycle   1973 | PC=0x00000030 | Inst=0xfe62ece3 (bltu    x5, x6, -8)
[2026-04-01 15:27:29.488] [info]    : RETIRE | Cycle   1976 | PC=0x00000028 | Inst=0x00028023 (sb      x0, 0(x5))
[2026-04-01 15:27:29.488] [info]    : RETIRE | Cycle   1977 | PC=0x0000002c | Inst=0x00128293 (addi    x5, x5, 1)
[2026-04-01 15:27:29.488] [info]    : RETIRE | Cycle   1978 | PC=0x00000030 | Inst=0xfe62ece3 (bltu    x5, x6, -8)
[2026-04-01 15:27:29.488] [info]    : RETIRE | Cycle   1981 | PC=0x00000028 | Inst=0x00028023 (sb      x0, 0(x5))
[2026-04-01 15:27:29.488] [info]    : RETIRE | Cycle   1982 | PC=0x0000002c | Inst=0x00128293 (addi    x5, x5, 1)
[2026-04-01 15:27:29.488] [info]    : RETIRE | Cycle   1983 | PC=0x00000030 | Inst=0xfe62ece3 (bltu    x5, x6, -8)
[2026-04-01 15:27:29.488] [info]    : RETIRE | Cycle   1986 | PC=0x00000028 | Inst=0x00028023 (sb      x0, 0(x5))
[2026-04-01 15:27:29.488] [info]    : RETIRE | Cycle   1987 | PC=0x0000002c | Inst=0x00128293 (addi    x5, x5, 1)
[2026-04-01 15:27:29.488] [info]    : RETIRE | Cycle   1988 | PC=0x00000030 | Inst=0xfe62ece3 (bltu    x5, x6, -8)
[2026-04-01 15:27:29.488] [info]    : RETIRE | Cycle   1991 | PC=0x00000028 | Inst=0x00028023 (sb      x0, 0(x5))
[2026-04-01 15:27:29.488] [info]    : RETIRE | Cycle   1992 | PC=0x0000002c | Inst=0x00128293 (addi    x5, x5, 1)
[2026-04-01 15:27:29.489] [info]    : RETIRE | Cycle   1993 | PC=0x00000030 | Inst=0xfe62ece3 (bltu    x5, x6, -8)
[2026-04-01 15:27:29.489] [info]    : RETIRE | Cycle   1996 | PC=0x00000028 | Inst=0x00028023 (sb      x0, 0(x5))
[2026-04-01 15:27:29.489] [info]    : RETIRE | Cycle   1997 | PC=0x0000002c | Inst=0x00128293 (addi    x5, x5, 1)
[2026-04-01 15:27:29.489] [info]    : RETIRE | Cycle   1998 | PC=0x00000030 | Inst=0xfe62ece3 (bltu    x5, x6, -8)
[2026-04-01 15:27:29.489] [info]    : RETIRE | Cycle   2001 | PC=0x00000028 | Inst=0x00028023 (sb      x0, 0(x5))
[2026-04-01 15:27:29.489] [info]    : RETIRE | Cycle   2002 | PC=0x0000002c | Inst=0x00128293 (addi    x5, x5, 1)
[2026-04-01 15:27:29.489] [info]    : RETIRE | Cycle   2003 | PC=0x00000030 | Inst=0xfe62ece3 (bltu    x5, x6, -8)
[2026-04-01 15:27:29.489] [info]    : RETIRE | Cycle   2006 | PC=0x00000028 | Inst=0x00028023 (sb      x0, 0(x5))
[2026-04-01 15:27:29.489] [info]    : RETIRE | Cycle   2007 | PC=0x0000002c | Inst=0x00128293 (addi    x5, x5, 1)
[2026-04-01 15:27:29.489] [info]    : RETIRE | Cycle   2008 | PC=0x00000030 | Inst=0xfe62ece3 (bltu    x5, x6, -8)
[2026-04-01 15:27:29.489] [info]    : RETIRE | Cycle   2011 | PC=0x00000028 | Inst=0x00028023 (sb      x0, 0(x5))
[2026-04-01 15:27:29.489] [info]    : RETIRE | Cycle   2012 | PC=0x0000002c | Inst=0x00128293 (addi    x5, x5, 1)
[2026-04-01 15:27:29.489] [info]    : RETIRE | Cycle   2014 | PC=0x00000030 | Inst=0xfe62ece3 (bltu    x5, x6, -8)
[2026-04-01 15:27:29.489] [info]    : RETIRE | Cycle   2017 | PC=0x00000028 | Inst=0x00028023 (sb      x0, 0(x5))
[2026-04-01 15:27:29.489] [info]    : RETIRE | Cycle   2018 | PC=0x0000002c | Inst=0x00128293 (addi    x5, x5, 1)
[2026-04-01 15:27:29.489] [info]    : RETIRE | Cycle   2020 | PC=0x00000030 | Inst=0xfe62ece3 (bltu    x5, x6, -8)
[2026-04-01 15:27:29.489] [info]    : RETIRE | Cycle   2023 | PC=0x00000028 | Inst=0x00028023 (sb      x0, 0(x5))
[2026-04-01 15:27:29.489] [info]    : RETIRE | Cycle   2024 | PC=0x0000002c | Inst=0x00128293 (addi    x5, x5, 1)
[2026-04-01 15:27:29.489] [info]    : RETIRE | Cycle   2026 | PC=0x00000030 | Inst=0xfe62ece3 (bltu    x5, x6, -8)
[2026-04-01 15:27:29.489] [info]    : RETIRE | Cycle   2029 | PC=0x00000028 | Inst=0x00028023 (sb      x0, 0(x5))
[2026-04-01 15:27:29.489] [info]    : RETIRE | Cycle   2030 | PC=0x0000002c | Inst=0x00128293 (addi    x5, x5, 1)
[2026-04-01 15:27:29.489] [info]    : RETIRE | Cycle   2032 | PC=0x00000030 | Inst=0xfe62ece3 (bltu    x5, x6, -8)
[2026-04-01 15:27:29.489] [info]    : RETIRE | Cycle   2035 | PC=0x00000028 | Inst=0x00028023 (sb      x0, 0(x5))
[2026-04-01 15:27:29.489] [info]    : RETIRE | Cycle   2036 | PC=0x0000002c | Inst=0x00128293 (addi    x5, x5, 1)
[2026-04-01 15:27:29.489] [info]    : RETIRE | Cycle   2038 | PC=0x00000030 | Inst=0xfe62ece3 (bltu    x5, x6, -8)
[2026-04-01 15:27:29.489] [info]    : RETIRE | Cycle   2041 | PC=0x00000028 | Inst=0x00028023 (sb      x0, 0(x5))
[2026-04-01 15:27:29.489] [info]    : RETIRE | Cycle   2042 | PC=0x0000002c | Inst=0x00128293 (addi    x5, x5, 1)
[2026-04-01 15:27:29.489] [info]    : RETIRE | Cycle   2044 | PC=0x00000030 | Inst=0xfe62ece3 (bltu    x5, x6, -8)
[2026-04-01 15:27:29.489] [info]    : RETIRE | Cycle   2047 | PC=0x00000028 | Inst=0x00028023 (sb      x0, 0(x5))
[2026-04-01 15:27:29.489] [info]    : RETIRE | Cycle   2048 | PC=0x0000002c | Inst=0x00128293 (addi    x5, x5, 1)
[2026-04-01 15:27:29.489] [info]    : RETIRE | Cycle   2050 | PC=0x00000030 | Inst=0xfe62ece3 (bltu    x5, x6, -8)
[2026-04-01 15:27:29.489] [info]    : RETIRE | Cycle   2061 | PC=0x00000028 | Inst=0x00028023 (sb      x0, 0(x5))
[2026-04-01 15:27:29.489] [info]    : RETIRE | Cycle   2062 | PC=0x0000002c | Inst=0x00128293 (addi    x5, x5, 1)
[2026-04-01 15:27:29.489] [info]    : RETIRE | Cycle   2064 | PC=0x00000030 | Inst=0xfe62ece3 (bltu    x5, x6, -8)
[2026-04-01 15:27:29.489] [info]    : RETIRE | Cycle   2067 | PC=0x00000028 | Inst=0x00028023 (sb      x0, 0(x5))
[2026-04-01 15:27:29.489] [info]    : RETIRE | Cycle   2068 | PC=0x0000002c | Inst=0x00128293 (addi    x5, x5, 1)
[2026-04-01 15:27:29.489] [info]    : RETIRE | Cycle   2069 | PC=0x00000030 | Inst=0xfe62ece3 (bltu    x5, x6, -8)
[2026-04-01 15:27:29.489] [info]    : RETIRE | Cycle   2072 | PC=0x00000028 | Inst=0x00028023 (sb      x0, 0(x5))
[2026-04-01 15:27:29.489] [info]    : RETIRE | Cycle   2073 | PC=0x0000002c | Inst=0x00128293 (addi    x5, x5, 1)
[2026-04-01 15:27:29.489] [info]    : RETIRE | Cycle   2074 | PC=0x00000030 | Inst=0xfe62ece3 (bltu    x5, x6, -8)
[2026-04-01 15:27:29.489] [info]    : RETIRE | Cycle   2077 | PC=0x00000028 | Inst=0x00028023 (sb      x0, 0(x5))
[2026-04-01 15:27:29.489] [info]    : RETIRE | Cycle   2078 | PC=0x0000002c | Inst=0x00128293 (addi    x5, x5, 1)
[2026-04-01 15:27:29.489] [info]    : RETIRE | Cycle   2079 | PC=0x00000030 | Inst=0xfe62ece3 (bltu    x5, x6, -8)
[2026-04-01 15:27:29.489] [info]    : RETIRE | Cycle   2082 | PC=0x00000028 | Inst=0x00028023 (sb      x0, 0(x5))
[2026-04-01 15:27:29.489] [info]    : RETIRE | Cycle   2083 | PC=0x0000002c | Inst=0x00128293 (addi    x5, x5, 1)
[2026-04-01 15:27:29.489] [info]    : RETIRE | Cycle   2084 | PC=0x00000030 | Inst=0xfe62ece3 (bltu    x5, x6, -8)
[2026-04-01 15:27:29.489] [info]    : RETIRE | Cycle   2087 | PC=0x00000028 | Inst=0x00028023 (sb      x0, 0(x5))
[2026-04-01 15:27:29.489] [info]    : RETIRE | Cycle   2088 | PC=0x0000002c | Inst=0x00128293 (addi    x5, x5, 1)
[2026-04-01 15:27:29.489] [info]    : RETIRE | Cycle   2089 | PC=0x00000030 | Inst=0xfe62ece3 (bltu    x5, x6, -8)
[2026-04-01 15:27:29.489] [info]    : RETIRE | Cycle   2092 | PC=0x00000028 | Inst=0x00028023 (sb      x0, 0(x5))
[2026-04-01 15:27:29.489] [info]    : RETIRE | Cycle   2093 | PC=0x0000002c | Inst=0x00128293 (addi    x5, x5, 1)
[2026-04-01 15:27:29.489] [info]    : RETIRE | Cycle   2094 | PC=0x00000030 | Inst=0xfe62ece3 (bltu    x5, x6, -8)
[2026-04-01 15:27:29.489] [info]    : RETIRE | Cycle   2097 | PC=0x00000028 | Inst=0x00028023 (sb      x0, 0(x5))
[2026-04-01 15:27:29.489] [info]    : RETIRE | Cycle   2098 | PC=0x0000002c | Inst=0x00128293 (addi    x5, x5, 1)
[2026-04-01 15:27:29.489] [info]    : RETIRE | Cycle   2099 | PC=0x00000030 | Inst=0xfe62ece3 (bltu    x5, x6, -8)
[2026-04-01 15:27:29.489] [info]    : RETIRE | Cycle   2102 | PC=0x00000028 | Inst=0x00028023 (sb      x0, 0(x5))
[2026-04-01 15:27:29.489] [info]    : RETIRE | Cycle   2103 | PC=0x0000002c | Inst=0x00128293 (addi    x5, x5, 1)
[2026-04-01 15:27:29.489] [info]    : RETIRE | Cycle   2104 | PC=0x00000030 | Inst=0xfe62ece3 (bltu    x5, x6, -8)
[2026-04-01 15:27:29.489] [info]    : RETIRE | Cycle   2107 | PC=0x00000028 | Inst=0x00028023 (sb      x0, 0(x5))
[2026-04-01 15:27:29.489] [info]    : RETIRE | Cycle   2108 | PC=0x0000002c | Inst=0x00128293 (addi    x5, x5, 1)
[2026-04-01 15:27:29.489] [info]    : RETIRE | Cycle   2110 | PC=0x00000030 | Inst=0xfe62ece3 (bltu    x5, x6, -8)
[2026-04-01 15:27:29.489] [info]    : RETIRE | Cycle   2113 | PC=0x00000028 | Inst=0x00028023 (sb      x0, 0(x5))
[2026-04-01 15:27:29.489] [info]    : RETIRE | Cycle   2114 | PC=0x0000002c | Inst=0x00128293 (addi    x5, x5, 1)
[2026-04-01 15:27:29.489] [info]    : RETIRE | Cycle   2116 | PC=0x00000030 | Inst=0xfe62ece3 (bltu    x5, x6, -8)
[2026-04-01 15:27:29.489] [info]    : RETIRE | Cycle   2119 | PC=0x00000028 | Inst=0x00028023 (sb      x0, 0(x5))
[2026-04-01 15:27:29.489] [info]    : RETIRE | Cycle   2120 | PC=0x0000002c | Inst=0x00128293 (addi    x5, x5, 1)
[2026-04-01 15:27:29.489] [info]    : RETIRE | Cycle   2122 | PC=0x00000030 | Inst=0xfe62ece3 (bltu    x5, x6, -8)
[2026-04-01 15:27:29.489] [info]    : RETIRE | Cycle   2125 | PC=0x00000028 | Inst=0x00028023 (sb      x0, 0(x5))
[2026-04-01 15:27:29.489] [info]    : RETIRE | Cycle   2126 | PC=0x0000002c | Inst=0x00128293 (addi    x5, x5, 1)
[2026-04-01 15:27:29.489] [info]    : RETIRE | Cycle   2128 | PC=0x00000030 | Inst=0xfe62ece3 (bltu    x5, x6, -8)
[2026-04-01 15:27:29.489] [info]    : RETIRE | Cycle   2131 | PC=0x00000028 | Inst=0x00028023 (sb      x0, 0(x5))
[2026-04-01 15:27:29.489] [info]    : RETIRE | Cycle   2132 | PC=0x0000002c | Inst=0x00128293 (addi    x5, x5, 1)
[2026-04-01 15:27:29.489] [info]    : RETIRE | Cycle   2134 | PC=0x00000030 | Inst=0xfe62ece3 (bltu    x5, x6, -8)
[2026-04-01 15:27:29.489] [info]    : RETIRE | Cycle   2137 | PC=0x00000028 | Inst=0x00028023 (sb      x0, 0(x5))
[2026-04-01 15:27:29.489] [info]    : RETIRE | Cycle   2138 | PC=0x0000002c | Inst=0x00128293 (addi    x5, x5, 1)
[2026-04-01 15:27:29.489] [info]    : RETIRE | Cycle   2140 | PC=0x00000030 | Inst=0xfe62ece3 (bltu    x5, x6, -8)
[2026-04-01 15:27:29.490] [info]    : RETIRE | Cycle   2143 | PC=0x00000028 | Inst=0x00028023 (sb      x0, 0(x5))
[2026-04-01 15:27:29.490] [info]    : RETIRE | Cycle   2144 | PC=0x0000002c | Inst=0x00128293 (addi    x5, x5, 1)
[2026-04-01 15:27:29.490] [info]    : RETIRE | Cycle   2146 | PC=0x00000030 | Inst=0xfe62ece3 (bltu    x5, x6, -8)
[2026-04-01 15:27:29.490] [info]    : RETIRE | Cycle   2157 | PC=0x00000028 | Inst=0x00028023 (sb      x0, 0(x5))
[2026-04-01 15:27:29.490] [info]    : RETIRE | Cycle   2158 | PC=0x0000002c | Inst=0x00128293 (addi    x5, x5, 1)
[2026-04-01 15:27:29.490] [info]    : RETIRE | Cycle   2160 | PC=0x00000030 | Inst=0xfe62ece3 (bltu    x5, x6, -8)
[2026-04-01 15:27:29.490] [info]    : RETIRE | Cycle   2163 | PC=0x00000028 | Inst=0x00028023 (sb      x0, 0(x5))
[2026-04-01 15:27:29.490] [info]    : RETIRE | Cycle   2164 | PC=0x0000002c | Inst=0x00128293 (addi    x5, x5, 1)
[2026-04-01 15:27:29.490] [info]    : RETIRE | Cycle   2165 | PC=0x00000030 | Inst=0xfe62ece3 (bltu    x5, x6, -8)
[2026-04-01 15:27:29.490] [info]    : RETIRE | Cycle   2168 | PC=0x00000028 | Inst=0x00028023 (sb      x0, 0(x5))
[2026-04-01 15:27:29.490] [info]    : RETIRE | Cycle   2169 | PC=0x0000002c | Inst=0x00128293 (addi    x5, x5, 1)
[2026-04-01 15:27:29.490] [info]    : RETIRE | Cycle   2170 | PC=0x00000030 | Inst=0xfe62ece3 (bltu    x5, x6, -8)
[2026-04-01 15:27:29.490] [info]    : RETIRE | Cycle   2173 | PC=0x00000028 | Inst=0x00028023 (sb      x0, 0(x5))
[2026-04-01 15:27:29.490] [info]    : RETIRE | Cycle   2174 | PC=0x0000002c | Inst=0x00128293 (addi    x5, x5, 1)
[2026-04-01 15:27:29.490] [info]    : RETIRE | Cycle   2175 | PC=0x00000030 | Inst=0xfe62ece3 (bltu    x5, x6, -8)
[2026-04-01 15:27:29.490] [info]    : RETIRE | Cycle   2178 | PC=0x00000028 | Inst=0x00028023 (sb      x0, 0(x5))
[2026-04-01 15:27:29.490] [info]    : RETIRE | Cycle   2179 | PC=0x0000002c | Inst=0x00128293 (addi    x5, x5, 1)
[2026-04-01 15:27:29.490] [info]    : RETIRE | Cycle   2180 | PC=0x00000030 | Inst=0xfe62ece3 (bltu    x5, x6, -8)
[2026-04-01 15:27:29.490] [info]    : RETIRE | Cycle   2183 | PC=0x00000028 | Inst=0x00028023 (sb      x0, 0(x5))
[2026-04-01 15:27:29.490] [info]    : RETIRE | Cycle   2184 | PC=0x0000002c | Inst=0x00128293 (addi    x5, x5, 1)
[2026-04-01 15:27:29.490] [info]    : RETIRE | Cycle   2185 | PC=0x00000030 | Inst=0xfe62ece3 (bltu    x5, x6, -8)
[2026-04-01 15:27:29.490] [info]    : RETIRE | Cycle   2188 | PC=0x00000028 | Inst=0x00028023 (sb      x0, 0(x5))
[2026-04-01 15:27:29.490] [info]    : RETIRE | Cycle   2189 | PC=0x0000002c | Inst=0x00128293 (addi    x5, x5, 1)
[2026-04-01 15:27:29.490] [info]    : RETIRE | Cycle   2190 | PC=0x00000030 | Inst=0xfe62ece3 (bltu    x5, x6, -8)
[2026-04-01 15:27:29.490] [info]    : RETIRE | Cycle   2193 | PC=0x00000028 | Inst=0x00028023 (sb      x0, 0(x5))
[2026-04-01 15:27:29.490] [info]    : RETIRE | Cycle   2194 | PC=0x0000002c | Inst=0x00128293 (addi    x5, x5, 1)
[2026-04-01 15:27:29.490] [info]    : RETIRE | Cycle   2195 | PC=0x00000030 | Inst=0xfe62ece3 (bltu    x5, x6, -8)
[2026-04-01 15:27:29.490] [info]    : RETIRE | Cycle   2198 | PC=0x00000028 | Inst=0x00028023 (sb      x0, 0(x5))
[2026-04-01 15:27:29.490] [info]    : RETIRE | Cycle   2199 | PC=0x0000002c | Inst=0x00128293 (addi    x5, x5, 1)
[2026-04-01 15:27:29.490] [info]    : RETIRE | Cycle   2200 | PC=0x00000030 | Inst=0xfe62ece3 (bltu    x5, x6, -8)
[2026-04-01 15:27:29.490] [info]    : RETIRE | Cycle   2203 | PC=0x00000028 | Inst=0x00028023 (sb      x0, 0(x5))
[2026-04-01 15:27:29.490] [info]    : RETIRE | Cycle   2204 | PC=0x0000002c | Inst=0x00128293 (addi    x5, x5, 1)
[2026-04-01 15:27:29.490] [info]    : RETIRE | Cycle   2206 | PC=0x00000030 | Inst=0xfe62ece3 (bltu    x5, x6, -8)
[2026-04-01 15:27:29.490] [info]    : RETIRE | Cycle   2209 | PC=0x00000028 | Inst=0x00028023 (sb      x0, 0(x5))
[2026-04-01 15:27:29.490] [info]    : RETIRE | Cycle   2210 | PC=0x0000002c | Inst=0x00128293 (addi    x5, x5, 1)
[2026-04-01 15:27:29.490] [info]    : RETIRE | Cycle   2212 | PC=0x00000030 | Inst=0xfe62ece3 (bltu    x5, x6, -8)
[2026-04-01 15:27:29.490] [info]    : RETIRE | Cycle   2215 | PC=0x00000028 | Inst=0x00028023 (sb      x0, 0(x5))
[2026-04-01 15:27:29.490] [info]    : RETIRE | Cycle   2216 | PC=0x0000002c | Inst=0x00128293 (addi    x5, x5, 1)
[2026-04-01 15:27:29.490] [info]    : RETIRE | Cycle   2218 | PC=0x00000030 | Inst=0xfe62ece3 (bltu    x5, x6, -8)
[2026-04-01 15:27:29.490] [info]    : RETIRE | Cycle   2221 | PC=0x00000028 | Inst=0x00028023 (sb      x0, 0(x5))
[2026-04-01 15:27:29.490] [info]    : RETIRE | Cycle   2222 | PC=0x0000002c | Inst=0x00128293 (addi    x5, x5, 1)
[2026-04-01 15:27:29.490] [info]    : RETIRE | Cycle   2224 | PC=0x00000030 | Inst=0xfe62ece3 (bltu    x5, x6, -8)
[2026-04-01 15:27:29.490] [info]    : RETIRE | Cycle   2227 | PC=0x00000028 | Inst=0x00028023 (sb      x0, 0(x5))
[2026-04-01 15:27:29.490] [info]    : RETIRE | Cycle   2228 | PC=0x0000002c | Inst=0x00128293 (addi    x5, x5, 1)
[2026-04-01 15:27:29.490] [info]    : RETIRE | Cycle   2230 | PC=0x00000030 | Inst=0xfe62ece3 (bltu    x5, x6, -8)
[2026-04-01 15:27:29.490] [info]    : RETIRE | Cycle   2233 | PC=0x00000028 | Inst=0x00028023 (sb      x0, 0(x5))
[2026-04-01 15:27:29.490] [info]    : RETIRE | Cycle   2234 | PC=0x0000002c | Inst=0x00128293 (addi    x5, x5, 1)
[2026-04-01 15:27:29.490] [info]    : RETIRE | Cycle   2236 | PC=0x00000030 | Inst=0xfe62ece3 (bltu    x5, x6, -8)
[2026-04-01 15:27:29.490] [info]    : RETIRE | Cycle   2239 | PC=0x00000028 | Inst=0x00028023 (sb      x0, 0(x5))
[2026-04-01 15:27:29.490] [info]    : RETIRE | Cycle   2240 | PC=0x0000002c | Inst=0x00128293 (addi    x5, x5, 1)
[2026-04-01 15:27:29.490] [info]    : RETIRE | Cycle   2242 | PC=0x00000030 | Inst=0xfe62ece3 (bltu    x5, x6, -8)
[2026-04-01 15:27:29.490] [info]    : RETIRE | Cycle   2253 | PC=0x00000028 | Inst=0x00028023 (sb      x0, 0(x5))
[2026-04-01 15:27:29.490] [info]    : RETIRE | Cycle   2254 | PC=0x0000002c | Inst=0x00128293 (addi    x5, x5, 1)
[2026-04-01 15:27:29.490] [info]    : RETIRE | Cycle   2256 | PC=0x00000030 | Inst=0xfe62ece3 (bltu    x5, x6, -8)
[2026-04-01 15:27:29.490] [info]    : RETIRE | Cycle   2259 | PC=0x00000028 | Inst=0x00028023 (sb      x0, 0(x5))
[2026-04-01 15:27:29.490] [info]    : RETIRE | Cycle   2260 | PC=0x0000002c | Inst=0x00128293 (addi    x5, x5, 1)
[2026-04-01 15:27:29.490] [info]    : RETIRE | Cycle   2261 | PC=0x00000030 | Inst=0xfe62ece3 (bltu    x5, x6, -8)
[2026-04-01 15:27:29.490] [info]    : RETIRE | Cycle   2264 | PC=0x00000028 | Inst=0x00028023 (sb      x0, 0(x5))
[2026-04-01 15:27:29.490] [info]    : RETIRE | Cycle   2265 | PC=0x0000002c | Inst=0x00128293 (addi    x5, x5, 1)
[2026-04-01 15:27:29.490] [info]    : RETIRE | Cycle   2266 | PC=0x00000030 | Inst=0xfe62ece3 (bltu    x5, x6, -8)
[2026-04-01 15:27:29.490] [info]    : RETIRE | Cycle   2269 | PC=0x00000028 | Inst=0x00028023 (sb      x0, 0(x5))
[2026-04-01 15:27:29.490] [info]    : RETIRE | Cycle   2270 | PC=0x0000002c | Inst=0x00128293 (addi    x5, x5, 1)
[2026-04-01 15:27:29.490] [info]    : RETIRE | Cycle   2271 | PC=0x00000030 | Inst=0xfe62ece3 (bltu    x5, x6, -8)
[2026-04-01 15:27:29.490] [info]    : RETIRE | Cycle   2274 | PC=0x00000028 | Inst=0x00028023 (sb      x0, 0(x5))
[2026-04-01 15:27:29.490] [info]    : RETIRE | Cycle   2275 | PC=0x0000002c | Inst=0x00128293 (addi    x5, x5, 1)
[2026-04-01 15:27:29.490] [info]    : RETIRE | Cycle   2276 | PC=0x00000030 | Inst=0xfe62ece3 (bltu    x5, x6, -8)
[2026-04-01 15:27:29.490] [info]    : RETIRE | Cycle   2279 | PC=0x00000028 | Inst=0x00028023 (sb      x0, 0(x5))
[2026-04-01 15:27:29.490] [info]    : RETIRE | Cycle   2280 | PC=0x0000002c | Inst=0x00128293 (addi    x5, x5, 1)
[2026-04-01 15:27:29.490] [info]    : RETIRE | Cycle   2281 | PC=0x00000030 | Inst=0xfe62ece3 (bltu    x5, x6, -8)
[2026-04-01 15:27:29.490] [info]    : RETIRE | Cycle   2284 | PC=0x00000028 | Inst=0x00028023 (sb      x0, 0(x5))
[2026-04-01 15:27:29.490] [info]    : RETIRE | Cycle   2285 | PC=0x0000002c | Inst=0x00128293 (addi    x5, x5, 1)
[2026-04-01 15:27:29.490] [info]    : RETIRE | Cycle   2286 | PC=0x00000030 | Inst=0xfe62ece3 (bltu    x5, x6, -8)
[2026-04-01 15:27:29.490] [info]    : RETIRE | Cycle   2289 | PC=0x00000028 | Inst=0x00028023 (sb      x0, 0(x5))
[2026-04-01 15:27:29.490] [info]    : RETIRE | Cycle   2290 | PC=0x0000002c | Inst=0x00128293 (addi    x5, x5, 1)
[2026-04-01 15:27:29.490] [info]    : RETIRE | Cycle   2291 | PC=0x00000030 | Inst=0xfe62ece3 (bltu    x5, x6, -8)
[2026-04-01 15:27:29.490] [info]    : RETIRE | Cycle   2294 | PC=0x00000028 | Inst=0x00028023 (sb      x0, 0(x5))
[2026-04-01 15:27:29.490] [info]    : RETIRE | Cycle   2295 | PC=0x0000002c | Inst=0x00128293 (addi    x5, x5, 1)
[2026-04-01 15:27:29.490] [info]    : RETIRE | Cycle   2296 | PC=0x00000030 | Inst=0xfe62ece3 (bltu    x5, x6, -8)
[2026-04-01 15:27:29.490] [info]    : RETIRE | Cycle   2299 | PC=0x00000028 | Inst=0x00028023 (sb      x0, 0(x5))
[2026-04-01 15:27:29.490] [info]    : RETIRE | Cycle   2300 | PC=0x0000002c | Inst=0x00128293 (addi    x5, x5, 1)
[2026-04-01 15:27:29.490] [info]    : RETIRE | Cycle   2302 | PC=0x00000030 | Inst=0xfe62ece3 (bltu    x5, x6, -8)
[2026-04-01 15:27:29.490] [info]    : RETIRE | Cycle   2305 | PC=0x00000028 | Inst=0x00028023 (sb      x0, 0(x5))
[2026-04-01 15:27:29.490] [info]    : RETIRE | Cycle   2306 | PC=0x0000002c | Inst=0x00128293 (addi    x5, x5, 1)
[2026-04-01 15:27:29.490] [info]    : RETIRE | Cycle   2308 | PC=0x00000030 | Inst=0xfe62ece3 (bltu    x5, x6, -8)
[2026-04-01 15:27:29.491] [info]    : RETIRE | Cycle   2311 | PC=0x00000028 | Inst=0x00028023 (sb      x0, 0(x5))
[2026-04-01 15:27:29.491] [info]    : RETIRE | Cycle   2312 | PC=0x0000002c | Inst=0x00128293 (addi    x5, x5, 1)
[2026-04-01 15:27:29.491] [info]    : RETIRE | Cycle   2314 | PC=0x00000030 | Inst=0xfe62ece3 (bltu    x5, x6, -8)
[2026-04-01 15:27:29.491] [info]    : RETIRE | Cycle   2317 | PC=0x00000028 | Inst=0x00028023 (sb      x0, 0(x5))
[2026-04-01 15:27:29.491] [info]    : RETIRE | Cycle   2318 | PC=0x0000002c | Inst=0x00128293 (addi    x5, x5, 1)
[2026-04-01 15:27:29.491] [info]    : RETIRE | Cycle   2320 | PC=0x00000030 | Inst=0xfe62ece3 (bltu    x5, x6, -8)
[2026-04-01 15:27:29.491] [info]    : RETIRE | Cycle   2323 | PC=0x00000028 | Inst=0x00028023 (sb      x0, 0(x5))
[2026-04-01 15:27:29.491] [info]    : RETIRE | Cycle   2324 | PC=0x0000002c | Inst=0x00128293 (addi    x5, x5, 1)
[2026-04-01 15:27:29.491] [info]    : RETIRE | Cycle   2326 | PC=0x00000030 | Inst=0xfe62ece3 (bltu    x5, x6, -8)
[2026-04-01 15:27:29.491] [info]    : RETIRE | Cycle   2329 | PC=0x00000028 | Inst=0x00028023 (sb      x0, 0(x5))
[2026-04-01 15:27:29.491] [info]    : RETIRE | Cycle   2330 | PC=0x0000002c | Inst=0x00128293 (addi    x5, x5, 1)
[2026-04-01 15:27:29.491] [info]    : RETIRE | Cycle   2332 | PC=0x00000030 | Inst=0xfe62ece3 (bltu    x5, x6, -8)
[2026-04-01 15:27:29.491] [info]    : RETIRE | Cycle   2335 | PC=0x00000028 | Inst=0x00028023 (sb      x0, 0(x5))
[2026-04-01 15:27:29.491] [info]    : RETIRE | Cycle   2336 | PC=0x0000002c | Inst=0x00128293 (addi    x5, x5, 1)
[2026-04-01 15:27:29.491] [info]    : RETIRE | Cycle   2338 | PC=0x00000030 | Inst=0xfe62ece3 (bltu    x5, x6, -8)
[2026-04-01 15:27:29.491] [info]    : RETIRE | Cycle   2349 | PC=0x00000028 | Inst=0x00028023 (sb      x0, 0(x5))
[2026-04-01 15:27:29.491] [info]    : RETIRE | Cycle   2350 | PC=0x0000002c | Inst=0x00128293 (addi    x5, x5, 1)
[2026-04-01 15:27:29.491] [info]    : RETIRE | Cycle   2352 | PC=0x00000030 | Inst=0xfe62ece3 (bltu    x5, x6, -8)
[2026-04-01 15:27:29.491] [info]    : RETIRE | Cycle   2355 | PC=0x00000028 | Inst=0x00028023 (sb      x0, 0(x5))
[2026-04-01 15:27:29.491] [info]    : RETIRE | Cycle   2356 | PC=0x0000002c | Inst=0x00128293 (addi    x5, x5, 1)
[2026-04-01 15:27:29.491] [info]    : RETIRE | Cycle   2357 | PC=0x00000030 | Inst=0xfe62ece3 (bltu    x5, x6, -8)
[2026-04-01 15:27:29.491] [info]    : RETIRE | Cycle   2360 | PC=0x00000028 | Inst=0x00028023 (sb      x0, 0(x5))
[2026-04-01 15:27:29.491] [info]    : RETIRE | Cycle   2361 | PC=0x0000002c | Inst=0x00128293 (addi    x5, x5, 1)
[2026-04-01 15:27:29.491] [info]    : RETIRE | Cycle   2362 | PC=0x00000030 | Inst=0xfe62ece3 (bltu    x5, x6, -8)
[2026-04-01 15:27:29.491] [info]    : RETIRE | Cycle   2365 | PC=0x00000028 | Inst=0x00028023 (sb      x0, 0(x5))
[2026-04-01 15:27:29.491] [info]    : RETIRE | Cycle   2366 | PC=0x0000002c | Inst=0x00128293 (addi    x5, x5, 1)
[2026-04-01 15:27:29.491] [info]    : RETIRE | Cycle   2367 | PC=0x00000030 | Inst=0xfe62ece3 (bltu    x5, x6, -8)
[2026-04-01 15:27:29.491] [info]    : RETIRE | Cycle   2370 | PC=0x00000028 | Inst=0x00028023 (sb      x0, 0(x5))
[2026-04-01 15:27:29.491] [info]    : RETIRE | Cycle   2371 | PC=0x0000002c | Inst=0x00128293 (addi    x5, x5, 1)
[2026-04-01 15:27:29.491] [info]    : RETIRE | Cycle   2372 | PC=0x00000030 | Inst=0xfe62ece3 (bltu    x5, x6, -8)
[2026-04-01 15:27:29.491] [info]    : RETIRE | Cycle   2375 | PC=0x00000028 | Inst=0x00028023 (sb      x0, 0(x5))
[2026-04-01 15:27:29.491] [info]    : RETIRE | Cycle   2376 | PC=0x0000002c | Inst=0x00128293 (addi    x5, x5, 1)
[2026-04-01 15:27:29.491] [info]    : RETIRE | Cycle   2377 | PC=0x00000030 | Inst=0xfe62ece3 (bltu    x5, x6, -8)
[2026-04-01 15:27:29.491] [info]    : RETIRE | Cycle   2380 | PC=0x00000028 | Inst=0x00028023 (sb      x0, 0(x5))
[2026-04-01 15:27:29.491] [info]    : RETIRE | Cycle   2381 | PC=0x0000002c | Inst=0x00128293 (addi    x5, x5, 1)
[2026-04-01 15:27:29.491] [info]    : RETIRE | Cycle   2382 | PC=0x00000030 | Inst=0xfe62ece3 (bltu    x5, x6, -8)
[2026-04-01 15:27:29.491] [info]    : RETIRE | Cycle   2385 | PC=0x00000028 | Inst=0x00028023 (sb      x0, 0(x5))
[2026-04-01 15:27:29.491] [info]    : RETIRE | Cycle   2386 | PC=0x0000002c | Inst=0x00128293 (addi    x5, x5, 1)
[2026-04-01 15:27:29.491] [info]    : RETIRE | Cycle   2387 | PC=0x00000030 | Inst=0xfe62ece3 (bltu    x5, x6, -8)
[2026-04-01 15:27:29.491] [info]    : RETIRE | Cycle   2390 | PC=0x00000028 | Inst=0x00028023 (sb      x0, 0(x5))
[2026-04-01 15:27:29.491] [info]    : RETIRE | Cycle   2391 | PC=0x0000002c | Inst=0x00128293 (addi    x5, x5, 1)
[2026-04-01 15:27:29.491] [info]    : RETIRE | Cycle   2392 | PC=0x00000030 | Inst=0xfe62ece3 (bltu    x5, x6, -8)
[2026-04-01 15:27:29.491] [info]    : RETIRE | Cycle   2395 | PC=0x00000028 | Inst=0x00028023 (sb      x0, 0(x5))
[2026-04-01 15:27:29.491] [info]    : RETIRE | Cycle   2396 | PC=0x0000002c | Inst=0x00128293 (addi    x5, x5, 1)
[2026-04-01 15:27:29.491] [info]    : RETIRE | Cycle   2398 | PC=0x00000030 | Inst=0xfe62ece3 (bltu    x5, x6, -8)
[2026-04-01 15:27:29.491] [info]    : RETIRE | Cycle   2401 | PC=0x00000028 | Inst=0x00028023 (sb      x0, 0(x5))
[2026-04-01 15:27:29.491] [info]    : RETIRE | Cycle   2402 | PC=0x0000002c | Inst=0x00128293 (addi    x5, x5, 1)
[2026-04-01 15:27:29.491] [info]    : RETIRE | Cycle   2404 | PC=0x00000030 | Inst=0xfe62ece3 (bltu    x5, x6, -8)
[2026-04-01 15:27:29.491] [info]    : RETIRE | Cycle   2407 | PC=0x00000028 | Inst=0x00028023 (sb      x0, 0(x5))
[2026-04-01 15:27:29.491] [info]    : RETIRE | Cycle   2408 | PC=0x0000002c | Inst=0x00128293 (addi    x5, x5, 1)
[2026-04-01 15:27:29.491] [info]    : RETIRE | Cycle   2410 | PC=0x00000030 | Inst=0xfe62ece3 (bltu    x5, x6, -8)
[2026-04-01 15:27:29.491] [info]    : RETIRE | Cycle   2413 | PC=0x00000028 | Inst=0x00028023 (sb      x0, 0(x5))
[2026-04-01 15:27:29.491] [info]    : RETIRE | Cycle   2414 | PC=0x0000002c | Inst=0x00128293 (addi    x5, x5, 1)
[2026-04-01 15:27:29.491] [info]    : RETIRE | Cycle   2416 | PC=0x00000030 | Inst=0xfe62ece3 (bltu    x5, x6, -8)
[2026-04-01 15:27:29.491] [info]    : RETIRE | Cycle   2419 | PC=0x00000028 | Inst=0x00028023 (sb      x0, 0(x5))
[2026-04-01 15:27:29.491] [info]    : RETIRE | Cycle   2420 | PC=0x0000002c | Inst=0x00128293 (addi    x5, x5, 1)
[2026-04-01 15:27:29.491] [info]    : RETIRE | Cycle   2422 | PC=0x00000030 | Inst=0xfe62ece3 (bltu    x5, x6, -8)
[2026-04-01 15:27:29.491] [info]    : RETIRE | Cycle   2425 | PC=0x00000028 | Inst=0x00028023 (sb      x0, 0(x5))
[2026-04-01 15:27:29.491] [info]    : RETIRE | Cycle   2426 | PC=0x0000002c | Inst=0x00128293 (addi    x5, x5, 1)
[2026-04-01 15:27:29.491] [info]    : RETIRE | Cycle   2428 | PC=0x00000030 | Inst=0xfe62ece3 (bltu    x5, x6, -8)
[2026-04-01 15:27:29.491] [info]    : RETIRE | Cycle   2431 | PC=0x00000028 | Inst=0x00028023 (sb      x0, 0(x5))
[2026-04-01 15:27:29.491] [info]    : RETIRE | Cycle   2432 | PC=0x0000002c | Inst=0x00128293 (addi    x5, x5, 1)
[2026-04-01 15:27:29.491] [info]    : RETIRE | Cycle   2434 | PC=0x00000030 | Inst=0xfe62ece3 (bltu    x5, x6, -8)
[2026-04-01 15:27:29.491] [info]    : RETIRE | Cycle   2445 | PC=0x00000028 | Inst=0x00028023 (sb      x0, 0(x5))
[2026-04-01 15:27:29.491] [info]    : RETIRE | Cycle   2446 | PC=0x0000002c | Inst=0x00128293 (addi    x5, x5, 1)
[2026-04-01 15:27:29.491] [info]    : RETIRE | Cycle   2448 | PC=0x00000030 | Inst=0xfe62ece3 (bltu    x5, x6, -8)
[2026-04-01 15:27:29.491] [info]    : RETIRE | Cycle   2451 | PC=0x00000028 | Inst=0x00028023 (sb      x0, 0(x5))
[2026-04-01 15:27:29.491] [info]    : RETIRE | Cycle   2452 | PC=0x0000002c | Inst=0x00128293 (addi    x5, x5, 1)
[2026-04-01 15:27:29.491] [info]    : RETIRE | Cycle   2453 | PC=0x00000030 | Inst=0xfe62ece3 (bltu    x5, x6, -8)
[2026-04-01 15:27:29.491] [info]    : RETIRE | Cycle   2456 | PC=0x00000028 | Inst=0x00028023 (sb      x0, 0(x5))
[2026-04-01 15:27:29.491] [info]    : RETIRE | Cycle   2457 | PC=0x0000002c | Inst=0x00128293 (addi    x5, x5, 1)
[2026-04-01 15:27:29.491] [info]    : RETIRE | Cycle   2458 | PC=0x00000030 | Inst=0xfe62ece3 (bltu    x5, x6, -8)
[2026-04-01 15:27:29.491] [info]    : RETIRE | Cycle   2461 | PC=0x00000028 | Inst=0x00028023 (sb      x0, 0(x5))
[2026-04-01 15:27:29.491] [info]    : RETIRE | Cycle   2462 | PC=0x0000002c | Inst=0x00128293 (addi    x5, x5, 1)
[2026-04-01 15:27:29.491] [info]    : RETIRE | Cycle   2463 | PC=0x00000030 | Inst=0xfe62ece3 (bltu    x5, x6, -8)
[2026-04-01 15:27:29.491] [info]    : RETIRE | Cycle   2466 | PC=0x00000028 | Inst=0x00028023 (sb      x0, 0(x5))
[2026-04-01 15:27:29.491] [info]    : RETIRE | Cycle   2467 | PC=0x0000002c | Inst=0x00128293 (addi    x5, x5, 1)
[2026-04-01 15:27:29.491] [info]    : RETIRE | Cycle   2468 | PC=0x00000030 | Inst=0xfe62ece3 (bltu    x5, x6, -8)
[2026-04-01 15:27:29.491] [info]    : RETIRE | Cycle   2471 | PC=0x00000028 | Inst=0x00028023 (sb      x0, 0(x5))
[2026-04-01 15:27:29.491] [info]    : RETIRE | Cycle   2472 | PC=0x0000002c | Inst=0x00128293 (addi    x5, x5, 1)
[2026-04-01 15:27:29.491] [info]    : RETIRE | Cycle   2473 | PC=0x00000030 | Inst=0xfe62ece3 (bltu    x5, x6, -8)
[2026-04-01 15:27:29.491] [info]    : RETIRE | Cycle   2476 | PC=0x00000028 | Inst=0x00028023 (sb      x0, 0(x5))
[2026-04-01 15:27:29.491] [info]    : RETIRE | Cycle   2477 | PC=0x0000002c | Inst=0x00128293 (addi    x5, x5, 1)
[2026-04-01 15:27:29.491] [info]    : RETIRE | Cycle   2478 | PC=0x00000030 | Inst=0xfe62ece3 (bltu    x5, x6, -8)
[2026-04-01 15:27:29.491] [info]    : RETIRE | Cycle   2481 | PC=0x00000028 | Inst=0x00028023 (sb      x0, 0(x5))
[2026-04-01 15:27:29.491] [info]    : RETIRE | Cycle   2482 | PC=0x0000002c | Inst=0x00128293 (addi    x5, x5, 1)
[2026-04-01 15:27:29.492] [info]    : RETIRE | Cycle   2483 | PC=0x00000030 | Inst=0xfe62ece3 (bltu    x5, x6, -8)
[2026-04-01 15:27:29.492] [info]    : RETIRE | Cycle   2486 | PC=0x00000028 | Inst=0x00028023 (sb      x0, 0(x5))
[2026-04-01 15:27:29.492] [info]    : RETIRE | Cycle   2487 | PC=0x0000002c | Inst=0x00128293 (addi    x5, x5, 1)
[2026-04-01 15:27:29.492] [info]    : RETIRE | Cycle   2488 | PC=0x00000030 | Inst=0xfe62ece3 (bltu    x5, x6, -8)
[2026-04-01 15:27:29.492] [info]    : RETIRE | Cycle   2491 | PC=0x00000028 | Inst=0x00028023 (sb      x0, 0(x5))
[2026-04-01 15:27:29.492] [info]    : RETIRE | Cycle   2492 | PC=0x0000002c | Inst=0x00128293 (addi    x5, x5, 1)
[2026-04-01 15:27:29.492] [info]    : RETIRE | Cycle   2494 | PC=0x00000030 | Inst=0xfe62ece3 (bltu    x5, x6, -8)
[2026-04-01 15:27:29.492] [info]    : RETIRE | Cycle   2497 | PC=0x00000028 | Inst=0x00028023 (sb      x0, 0(x5))
[2026-04-01 15:27:29.492] [info]    : RETIRE | Cycle   2498 | PC=0x0000002c | Inst=0x00128293 (addi    x5, x5, 1)
[2026-04-01 15:27:29.492] [info]    : RETIRE | Cycle   2500 | PC=0x00000030 | Inst=0xfe62ece3 (bltu    x5, x6, -8)
[2026-04-01 15:27:29.492] [info]    : RETIRE | Cycle   2503 | PC=0x00000028 | Inst=0x00028023 (sb      x0, 0(x5))
[2026-04-01 15:27:29.492] [info]    : RETIRE | Cycle   2504 | PC=0x0000002c | Inst=0x00128293 (addi    x5, x5, 1)
[2026-04-01 15:27:29.492] [info]    : RETIRE | Cycle   2506 | PC=0x00000030 | Inst=0xfe62ece3 (bltu    x5, x6, -8)
[2026-04-01 15:27:29.492] [info]    : RETIRE | Cycle   2509 | PC=0x00000028 | Inst=0x00028023 (sb      x0, 0(x5))
[2026-04-01 15:27:29.492] [info]    : RETIRE | Cycle   2510 | PC=0x0000002c | Inst=0x00128293 (addi    x5, x5, 1)
[2026-04-01 15:27:29.492] [info]    : RETIRE | Cycle   2512 | PC=0x00000030 | Inst=0xfe62ece3 (bltu    x5, x6, -8)
[2026-04-01 15:27:29.492] [info]    : RETIRE | Cycle   2515 | PC=0x00000028 | Inst=0x00028023 (sb      x0, 0(x5))
[2026-04-01 15:27:29.492] [info]    : RETIRE | Cycle   2516 | PC=0x0000002c | Inst=0x00128293 (addi    x5, x5, 1)
[2026-04-01 15:27:29.492] [info]    : RETIRE | Cycle   2518 | PC=0x00000030 | Inst=0xfe62ece3 (bltu    x5, x6, -8)
[2026-04-01 15:27:29.492] [info]    : RETIRE | Cycle   2521 | PC=0x00000028 | Inst=0x00028023 (sb      x0, 0(x5))
[2026-04-01 15:27:29.492] [info]    : RETIRE | Cycle   2522 | PC=0x0000002c | Inst=0x00128293 (addi    x5, x5, 1)
[2026-04-01 15:27:29.492] [info]    : RETIRE | Cycle   2524 | PC=0x00000030 | Inst=0xfe62ece3 (bltu    x5, x6, -8)
[2026-04-01 15:27:29.492] [info]    : RETIRE | Cycle   2527 | PC=0x00000028 | Inst=0x00028023 (sb      x0, 0(x5))
[2026-04-01 15:27:29.492] [info]    : RETIRE | Cycle   2528 | PC=0x0000002c | Inst=0x00128293 (addi    x5, x5, 1)
[2026-04-01 15:27:29.492] [info]    : RETIRE | Cycle   2530 | PC=0x00000030 | Inst=0xfe62ece3 (bltu    x5, x6, -8)
[2026-04-01 15:27:29.492] [info]    : RETIRE | Cycle   2541 | PC=0x00000028 | Inst=0x00028023 (sb      x0, 0(x5))
[2026-04-01 15:27:29.492] [info]    : RETIRE | Cycle   2542 | PC=0x0000002c | Inst=0x00128293 (addi    x5, x5, 1)
[2026-04-01 15:27:29.492] [info]    : RETIRE | Cycle   2544 | PC=0x00000030 | Inst=0xfe62ece3 (bltu    x5, x6, -8)
[2026-04-01 15:27:29.492] [info]    : RETIRE | Cycle   2547 | PC=0x00000028 | Inst=0x00028023 (sb      x0, 0(x5))
[2026-04-01 15:27:29.492] [info]    : RETIRE | Cycle   2548 | PC=0x0000002c | Inst=0x00128293 (addi    x5, x5, 1)
[2026-04-01 15:27:29.492] [info]    : RETIRE | Cycle   2549 | PC=0x00000030 | Inst=0xfe62ece3 (bltu    x5, x6, -8)
[2026-04-01 15:27:29.492] [info]    : RETIRE | Cycle   2552 | PC=0x00000028 | Inst=0x00028023 (sb      x0, 0(x5))
[2026-04-01 15:27:29.492] [info]    : RETIRE | Cycle   2553 | PC=0x0000002c | Inst=0x00128293 (addi    x5, x5, 1)
[2026-04-01 15:27:29.492] [info]    : RETIRE | Cycle   2554 | PC=0x00000030 | Inst=0xfe62ece3 (bltu    x5, x6, -8)
[2026-04-01 15:27:29.492] [info]    : RETIRE | Cycle   2557 | PC=0x00000028 | Inst=0x00028023 (sb      x0, 0(x5))
[2026-04-01 15:27:29.492] [info]    : RETIRE | Cycle   2558 | PC=0x0000002c | Inst=0x00128293 (addi    x5, x5, 1)
[2026-04-01 15:27:29.492] [info]    : RETIRE | Cycle   2559 | PC=0x00000030 | Inst=0xfe62ece3 (bltu    x5, x6, -8)
[2026-04-01 15:27:29.492] [info]    : RETIRE | Cycle   2562 | PC=0x00000028 | Inst=0x00028023 (sb      x0, 0(x5))
[2026-04-01 15:27:29.492] [info]    : RETIRE | Cycle   2563 | PC=0x0000002c | Inst=0x00128293 (addi    x5, x5, 1)
[2026-04-01 15:27:29.492] [info]    : RETIRE | Cycle   2564 | PC=0x00000030 | Inst=0xfe62ece3 (bltu    x5, x6, -8)
[2026-04-01 15:27:29.492] [info]    : RETIRE | Cycle   2567 | PC=0x00000028 | Inst=0x00028023 (sb      x0, 0(x5))
[2026-04-01 15:27:29.492] [info]    : RETIRE | Cycle   2568 | PC=0x0000002c | Inst=0x00128293 (addi    x5, x5, 1)
[2026-04-01 15:27:29.492] [info]    : RETIRE | Cycle   2569 | PC=0x00000030 | Inst=0xfe62ece3 (bltu    x5, x6, -8)
[2026-04-01 15:27:29.492] [info]    : RETIRE | Cycle   2572 | PC=0x00000028 | Inst=0x00028023 (sb      x0, 0(x5))
[2026-04-01 15:27:29.492] [info]    : RETIRE | Cycle   2573 | PC=0x0000002c | Inst=0x00128293 (addi    x5, x5, 1)
[2026-04-01 15:27:29.492] [info]    : RETIRE | Cycle   2574 | PC=0x00000030 | Inst=0xfe62ece3 (bltu    x5, x6, -8)
[2026-04-01 15:27:29.492] [info]    : RETIRE | Cycle   2577 | PC=0x00000028 | Inst=0x00028023 (sb      x0, 0(x5))
[2026-04-01 15:27:29.492] [info]    : RETIRE | Cycle   2578 | PC=0x0000002c | Inst=0x00128293 (addi    x5, x5, 1)
[2026-04-01 15:27:29.492] [info]    : RETIRE | Cycle   2579 | PC=0x00000030 | Inst=0xfe62ece3 (bltu    x5, x6, -8)
[2026-04-01 15:27:29.492] [info]    : RETIRE | Cycle   2582 | PC=0x00000028 | Inst=0x00028023 (sb      x0, 0(x5))
[2026-04-01 15:27:29.492] [info]    : RETIRE | Cycle   2583 | PC=0x0000002c | Inst=0x00128293 (addi    x5, x5, 1)
[2026-04-01 15:27:29.492] [info]    : RETIRE | Cycle   2584 | PC=0x00000030 | Inst=0xfe62ece3 (bltu    x5, x6, -8)
[2026-04-01 15:27:29.492] [info]    : RETIRE | Cycle   2587 | PC=0x00000028 | Inst=0x00028023 (sb      x0, 0(x5))
[2026-04-01 15:27:29.492] [info]    : RETIRE | Cycle   2588 | PC=0x0000002c | Inst=0x00128293 (addi    x5, x5, 1)
[2026-04-01 15:27:29.492] [info]    : RETIRE | Cycle   2590 | PC=0x00000030 | Inst=0xfe62ece3 (bltu    x5, x6, -8)
[2026-04-01 15:27:29.492] [info]    : RETIRE | Cycle   2593 | PC=0x00000028 | Inst=0x00028023 (sb      x0, 0(x5))
[2026-04-01 15:27:29.492] [info]    : RETIRE | Cycle   2594 | PC=0x0000002c | Inst=0x00128293 (addi    x5, x5, 1)
[2026-04-01 15:27:29.492] [info]    : RETIRE | Cycle   2596 | PC=0x00000030 | Inst=0xfe62ece3 (bltu    x5, x6, -8)
[2026-04-01 15:27:29.492] [info]    : RETIRE | Cycle   2599 | PC=0x00000028 | Inst=0x00028023 (sb      x0, 0(x5))
[2026-04-01 15:27:29.492] [info]    : RETIRE | Cycle   2600 | PC=0x0000002c | Inst=0x00128293 (addi    x5, x5, 1)
[2026-04-01 15:27:29.492] [info]    : RETIRE | Cycle   2602 | PC=0x00000030 | Inst=0xfe62ece3 (bltu    x5, x6, -8)
[2026-04-01 15:27:29.492] [info]    : RETIRE | Cycle   2605 | PC=0x00000028 | Inst=0x00028023 (sb      x0, 0(x5))
[2026-04-01 15:27:29.492] [info]    : RETIRE | Cycle   2606 | PC=0x0000002c | Inst=0x00128293 (addi    x5, x5, 1)
[2026-04-01 15:27:29.492] [info]    : RETIRE | Cycle   2608 | PC=0x00000030 | Inst=0xfe62ece3 (bltu    x5, x6, -8)
[2026-04-01 15:27:29.492] [info]    : RETIRE | Cycle   2611 | PC=0x00000028 | Inst=0x00028023 (sb      x0, 0(x5))
[2026-04-01 15:27:29.492] [info]    : RETIRE | Cycle   2612 | PC=0x0000002c | Inst=0x00128293 (addi    x5, x5, 1)
[2026-04-01 15:27:29.492] [info]    : RETIRE | Cycle   2614 | PC=0x00000030 | Inst=0xfe62ece3 (bltu    x5, x6, -8)
[2026-04-01 15:27:29.492] [info]    : RETIRE | Cycle   2617 | PC=0x00000028 | Inst=0x00028023 (sb      x0, 0(x5))
[2026-04-01 15:27:29.492] [info]    : RETIRE | Cycle   2618 | PC=0x0000002c | Inst=0x00128293 (addi    x5, x5, 1)
[2026-04-01 15:27:29.492] [info]    : RETIRE | Cycle   2620 | PC=0x00000030 | Inst=0xfe62ece3 (bltu    x5, x6, -8)
[2026-04-01 15:27:29.492] [info]    : RETIRE | Cycle   2623 | PC=0x00000028 | Inst=0x00028023 (sb      x0, 0(x5))
[2026-04-01 15:27:29.492] [info]    : RETIRE | Cycle   2624 | PC=0x0000002c | Inst=0x00128293 (addi    x5, x5, 1)
[2026-04-01 15:27:29.492] [info]    : RETIRE | Cycle   2626 | PC=0x00000030 | Inst=0xfe62ece3 (bltu    x5, x6, -8)
[2026-04-01 15:27:29.492] [info]    : RETIRE | Cycle   2637 | PC=0x00000028 | Inst=0x00028023 (sb      x0, 0(x5))
[2026-04-01 15:27:29.492] [info]    : RETIRE | Cycle   2638 | PC=0x0000002c | Inst=0x00128293 (addi    x5, x5, 1)
[2026-04-01 15:27:29.492] [info]    : RETIRE | Cycle   2640 | PC=0x00000030 | Inst=0xfe62ece3 (bltu    x5, x6, -8)
[2026-04-01 15:27:29.492] [info]    : RETIRE | Cycle   2643 | PC=0x00000028 | Inst=0x00028023 (sb      x0, 0(x5))
[2026-04-01 15:27:29.492] [info]    : RETIRE | Cycle   2644 | PC=0x0000002c | Inst=0x00128293 (addi    x5, x5, 1)
[2026-04-01 15:27:29.492] [info]    : RETIRE | Cycle   2645 | PC=0x00000030 | Inst=0xfe62ece3 (bltu    x5, x6, -8)
[2026-04-01 15:27:29.492] [info]    : RETIRE | Cycle   2648 | PC=0x00000028 | Inst=0x00028023 (sb      x0, 0(x5))
[2026-04-01 15:27:29.492] [info]    : RETIRE | Cycle   2649 | PC=0x0000002c | Inst=0x00128293 (addi    x5, x5, 1)
[2026-04-01 15:27:29.492] [info]    : RETIRE | Cycle   2650 | PC=0x00000030 | Inst=0xfe62ece3 (bltu    x5, x6, -8)
[2026-04-01 15:27:29.492] [info]    : RETIRE | Cycle   2653 | PC=0x00000028 | Inst=0x00028023 (sb      x0, 0(x5))
[2026-04-01 15:27:29.492] [info]    : RETIRE | Cycle   2654 | PC=0x0000002c | Inst=0x00128293 (addi    x5, x5, 1)
[2026-04-01 15:27:29.493] [info]    : RETIRE | Cycle   2655 | PC=0x00000030 | Inst=0xfe62ece3 (bltu    x5, x6, -8)
[2026-04-01 15:27:29.493] [info]    : RETIRE | Cycle   2658 | PC=0x00000028 | Inst=0x00028023 (sb      x0, 0(x5))
[2026-04-01 15:27:29.493] [info]    : RETIRE | Cycle   2659 | PC=0x0000002c | Inst=0x00128293 (addi    x5, x5, 1)
[2026-04-01 15:27:29.493] [info]    : RETIRE | Cycle   2660 | PC=0x00000030 | Inst=0xfe62ece3 (bltu    x5, x6, -8)
[2026-04-01 15:27:29.493] [info]    : RETIRE | Cycle   2663 | PC=0x00000028 | Inst=0x00028023 (sb      x0, 0(x5))
[2026-04-01 15:27:29.493] [info]    : RETIRE | Cycle   2664 | PC=0x0000002c | Inst=0x00128293 (addi    x5, x5, 1)
[2026-04-01 15:27:29.493] [info]    : RETIRE | Cycle   2665 | PC=0x00000030 | Inst=0xfe62ece3 (bltu    x5, x6, -8)
[2026-04-01 15:27:29.493] [info]    : RETIRE | Cycle   2668 | PC=0x00000028 | Inst=0x00028023 (sb      x0, 0(x5))
[2026-04-01 15:27:29.493] [info]    : RETIRE | Cycle   2669 | PC=0x0000002c | Inst=0x00128293 (addi    x5, x5, 1)
[2026-04-01 15:27:29.493] [info]    : RETIRE | Cycle   2670 | PC=0x00000030 | Inst=0xfe62ece3 (bltu    x5, x6, -8)
[2026-04-01 15:27:29.493] [info]    : RETIRE | Cycle   2673 | PC=0x00000028 | Inst=0x00028023 (sb      x0, 0(x5))
[2026-04-01 15:27:29.493] [info]    : RETIRE | Cycle   2674 | PC=0x0000002c | Inst=0x00128293 (addi    x5, x5, 1)
[2026-04-01 15:27:29.493] [info]    : RETIRE | Cycle   2675 | PC=0x00000030 | Inst=0xfe62ece3 (bltu    x5, x6, -8)
[2026-04-01 15:27:29.493] [info]    : RETIRE | Cycle   2678 | PC=0x00000028 | Inst=0x00028023 (sb      x0, 0(x5))
[2026-04-01 15:27:29.493] [info]    : RETIRE | Cycle   2679 | PC=0x0000002c | Inst=0x00128293 (addi    x5, x5, 1)
[2026-04-01 15:27:29.493] [info]    : RETIRE | Cycle   2680 | PC=0x00000030 | Inst=0xfe62ece3 (bltu    x5, x6, -8)
[2026-04-01 15:27:29.493] [info]    : RETIRE | Cycle   2683 | PC=0x00000028 | Inst=0x00028023 (sb      x0, 0(x5))
[2026-04-01 15:27:29.493] [info]    : RETIRE | Cycle   2684 | PC=0x0000002c | Inst=0x00128293 (addi    x5, x5, 1)
[2026-04-01 15:27:29.493] [info]    : RETIRE | Cycle   2686 | PC=0x00000030 | Inst=0xfe62ece3 (bltu    x5, x6, -8)
[2026-04-01 15:27:29.493] [info]    : RETIRE | Cycle   2689 | PC=0x00000028 | Inst=0x00028023 (sb      x0, 0(x5))
[2026-04-01 15:27:29.493] [info]    : RETIRE | Cycle   2690 | PC=0x0000002c | Inst=0x00128293 (addi    x5, x5, 1)
[2026-04-01 15:27:29.493] [info]    : RETIRE | Cycle   2692 | PC=0x00000030 | Inst=0xfe62ece3 (bltu    x5, x6, -8)
[2026-04-01 15:27:29.493] [info]    : RETIRE | Cycle   2695 | PC=0x00000028 | Inst=0x00028023 (sb      x0, 0(x5))
[2026-04-01 15:27:29.493] [info]    : RETIRE | Cycle   2696 | PC=0x0000002c | Inst=0x00128293 (addi    x5, x5, 1)
[2026-04-01 15:27:29.493] [info]    : RETIRE | Cycle   2698 | PC=0x00000030 | Inst=0xfe62ece3 (bltu    x5, x6, -8)
[2026-04-01 15:27:29.493] [info]    : RETIRE | Cycle   2701 | PC=0x00000028 | Inst=0x00028023 (sb      x0, 0(x5))
[2026-04-01 15:27:29.493] [info]    : RETIRE | Cycle   2702 | PC=0x0000002c | Inst=0x00128293 (addi    x5, x5, 1)
[2026-04-01 15:27:29.493] [info]    : RETIRE | Cycle   2704 | PC=0x00000030 | Inst=0xfe62ece3 (bltu    x5, x6, -8)
[2026-04-01 15:27:29.493] [info]    : RETIRE | Cycle   2707 | PC=0x00000028 | Inst=0x00028023 (sb      x0, 0(x5))
[2026-04-01 15:27:29.493] [info]    : RETIRE | Cycle   2708 | PC=0x0000002c | Inst=0x00128293 (addi    x5, x5, 1)
[2026-04-01 15:27:29.493] [info]    : RETIRE | Cycle   2710 | PC=0x00000030 | Inst=0xfe62ece3 (bltu    x5, x6, -8)
[2026-04-01 15:27:29.493] [info]    : RETIRE | Cycle   2713 | PC=0x00000028 | Inst=0x00028023 (sb      x0, 0(x5))
[2026-04-01 15:27:29.493] [info]    : RETIRE | Cycle   2714 | PC=0x0000002c | Inst=0x00128293 (addi    x5, x5, 1)
[2026-04-01 15:27:29.493] [info]    : RETIRE | Cycle   2716 | PC=0x00000030 | Inst=0xfe62ece3 (bltu    x5, x6, -8)
[2026-04-01 15:27:29.493] [info]    : RETIRE | Cycle   2719 | PC=0x00000028 | Inst=0x00028023 (sb      x0, 0(x5))
[2026-04-01 15:27:29.493] [info]    : RETIRE | Cycle   2720 | PC=0x0000002c | Inst=0x00128293 (addi    x5, x5, 1)
[2026-04-01 15:27:29.493] [info]    : RETIRE | Cycle   2722 | PC=0x00000030 | Inst=0xfe62ece3 (bltu    x5, x6, -8)
[2026-04-01 15:27:29.493] [info]    : RETIRE | Cycle   2733 | PC=0x00000028 | Inst=0x00028023 (sb      x0, 0(x5))
[2026-04-01 15:27:29.493] [info]    : RETIRE | Cycle   2734 | PC=0x0000002c | Inst=0x00128293 (addi    x5, x5, 1)
[2026-04-01 15:27:29.493] [info]    : RETIRE | Cycle   2736 | PC=0x00000030 | Inst=0xfe62ece3 (bltu    x5, x6, -8)
[2026-04-01 15:27:29.493] [info]    : RETIRE | Cycle   2739 | PC=0x00000028 | Inst=0x00028023 (sb      x0, 0(x5))
[2026-04-01 15:27:29.493] [info]    : RETIRE | Cycle   2740 | PC=0x0000002c | Inst=0x00128293 (addi    x5, x5, 1)
[2026-04-01 15:27:29.493] [info]    : RETIRE | Cycle   2741 | PC=0x00000030 | Inst=0xfe62ece3 (bltu    x5, x6, -8)
[2026-04-01 15:27:29.493] [info]    : RETIRE | Cycle   2744 | PC=0x00000028 | Inst=0x00028023 (sb      x0, 0(x5))
[2026-04-01 15:27:29.493] [info]    : RETIRE | Cycle   2745 | PC=0x0000002c | Inst=0x00128293 (addi    x5, x5, 1)
[2026-04-01 15:27:29.493] [info]    : RETIRE | Cycle   2746 | PC=0x00000030 | Inst=0xfe62ece3 (bltu    x5, x6, -8)
[2026-04-01 15:27:29.493] [info]    : RETIRE | Cycle   2749 | PC=0x00000028 | Inst=0x00028023 (sb      x0, 0(x5))
[2026-04-01 15:27:29.493] [info]    : RETIRE | Cycle   2750 | PC=0x0000002c | Inst=0x00128293 (addi    x5, x5, 1)
[2026-04-01 15:27:29.493] [info]    : RETIRE | Cycle   2751 | PC=0x00000030 | Inst=0xfe62ece3 (bltu    x5, x6, -8)
[2026-04-01 15:27:29.493] [info]    : RETIRE | Cycle   2754 | PC=0x00000028 | Inst=0x00028023 (sb      x0, 0(x5))
[2026-04-01 15:27:29.493] [info]    : RETIRE | Cycle   2755 | PC=0x0000002c | Inst=0x00128293 (addi    x5, x5, 1)
[2026-04-01 15:27:29.493] [info]    : RETIRE | Cycle   2756 | PC=0x00000030 | Inst=0xfe62ece3 (bltu    x5, x6, -8)
[2026-04-01 15:27:29.493] [info]    : RETIRE | Cycle   2759 | PC=0x00000028 | Inst=0x00028023 (sb      x0, 0(x5))
[2026-04-01 15:27:29.493] [info]    : RETIRE | Cycle   2760 | PC=0x0000002c | Inst=0x00128293 (addi    x5, x5, 1)
[2026-04-01 15:27:29.493] [info]    : RETIRE | Cycle   2761 | PC=0x00000030 | Inst=0xfe62ece3 (bltu    x5, x6, -8)
[2026-04-01 15:27:29.493] [info]    : RETIRE | Cycle   2764 | PC=0x00000028 | Inst=0x00028023 (sb      x0, 0(x5))
[2026-04-01 15:27:29.493] [info]    : RETIRE | Cycle   2765 | PC=0x0000002c | Inst=0x00128293 (addi    x5, x5, 1)
[2026-04-01 15:27:29.493] [info]    : RETIRE | Cycle   2766 | PC=0x00000030 | Inst=0xfe62ece3 (bltu    x5, x6, -8)
[2026-04-01 15:27:29.493] [info]    : RETIRE | Cycle   2769 | PC=0x00000028 | Inst=0x00028023 (sb      x0, 0(x5))
[2026-04-01 15:27:29.493] [info]    : RETIRE | Cycle   2770 | PC=0x0000002c | Inst=0x00128293 (addi    x5, x5, 1)
[2026-04-01 15:27:29.493] [info]    : RETIRE | Cycle   2771 | PC=0x00000030 | Inst=0xfe62ece3 (bltu    x5, x6, -8)
[2026-04-01 15:27:29.493] [info]    : RETIRE | Cycle   2774 | PC=0x00000028 | Inst=0x00028023 (sb      x0, 0(x5))
[2026-04-01 15:27:29.493] [info]    : RETIRE | Cycle   2775 | PC=0x0000002c | Inst=0x00128293 (addi    x5, x5, 1)
[2026-04-01 15:27:29.493] [info]    : RETIRE | Cycle   2776 | PC=0x00000030 | Inst=0xfe62ece3 (bltu    x5, x6, -8)
[2026-04-01 15:27:29.493] [info]    : RETIRE | Cycle   2779 | PC=0x00000028 | Inst=0x00028023 (sb      x0, 0(x5))
[2026-04-01 15:27:29.493] [info]    : RETIRE | Cycle   2780 | PC=0x0000002c | Inst=0x00128293 (addi    x5, x5, 1)
[2026-04-01 15:27:29.493] [info]    : RETIRE | Cycle   2782 | PC=0x00000030 | Inst=0xfe62ece3 (bltu    x5, x6, -8)
[2026-04-01 15:27:29.493] [info]    : RETIRE | Cycle   2785 | PC=0x00000028 | Inst=0x00028023 (sb      x0, 0(x5))
[2026-04-01 15:27:29.493] [info]    : RETIRE | Cycle   2786 | PC=0x0000002c | Inst=0x00128293 (addi    x5, x5, 1)
[2026-04-01 15:27:29.493] [info]    : RETIRE | Cycle   2788 | PC=0x00000030 | Inst=0xfe62ece3 (bltu    x5, x6, -8)
[2026-04-01 15:27:29.493] [info]    : RETIRE | Cycle   2791 | PC=0x00000028 | Inst=0x00028023 (sb      x0, 0(x5))
[2026-04-01 15:27:29.493] [info]    : RETIRE | Cycle   2792 | PC=0x0000002c | Inst=0x00128293 (addi    x5, x5, 1)
[2026-04-01 15:27:29.493] [info]    : RETIRE | Cycle   2794 | PC=0x00000030 | Inst=0xfe62ece3 (bltu    x5, x6, -8)
[2026-04-01 15:27:29.493] [info]    : RETIRE | Cycle   2797 | PC=0x00000028 | Inst=0x00028023 (sb      x0, 0(x5))
[2026-04-01 15:27:29.493] [info]    : RETIRE | Cycle   2798 | PC=0x0000002c | Inst=0x00128293 (addi    x5, x5, 1)
[2026-04-01 15:27:29.493] [info]    : RETIRE | Cycle   2800 | PC=0x00000030 | Inst=0xfe62ece3 (bltu    x5, x6, -8)
[2026-04-01 15:27:29.493] [info]    : RETIRE | Cycle   2803 | PC=0x00000028 | Inst=0x00028023 (sb      x0, 0(x5))
[2026-04-01 15:27:29.493] [info]    : RETIRE | Cycle   2804 | PC=0x0000002c | Inst=0x00128293 (addi    x5, x5, 1)
[2026-04-01 15:27:29.493] [info]    : RETIRE | Cycle   2806 | PC=0x00000030 | Inst=0xfe62ece3 (bltu    x5, x6, -8)
[2026-04-01 15:27:29.493] [info]    : RETIRE | Cycle   2809 | PC=0x00000028 | Inst=0x00028023 (sb      x0, 0(x5))
[2026-04-01 15:27:29.493] [info]    : RETIRE | Cycle   2810 | PC=0x0000002c | Inst=0x00128293 (addi    x5, x5, 1)
[2026-04-01 15:27:29.493] [info]    : RETIRE | Cycle   2812 | PC=0x00000030 | Inst=0xfe62ece3 (bltu    x5, x6, -8)
[2026-04-01 15:27:29.493] [info]    : RETIRE | Cycle   2815 | PC=0x00000028 | Inst=0x00028023 (sb      x0, 0(x5))
[2026-04-01 15:27:29.493] [info]    : RETIRE | Cycle   2816 | PC=0x0000002c | Inst=0x00128293 (addi    x5, x5, 1)
[2026-04-01 15:27:29.493] [info]    : RETIRE | Cycle   2818 | PC=0x00000030 | Inst=0xfe62ece3 (bltu    x5, x6, -8)
[2026-04-01 15:27:29.494] [info]    : RETIRE | Cycle   2829 | PC=0x00000028 | Inst=0x00028023 (sb      x0, 0(x5))
[2026-04-01 15:27:29.494] [info]    : RETIRE | Cycle   2830 | PC=0x0000002c | Inst=0x00128293 (addi    x5, x5, 1)
[2026-04-01 15:27:29.494] [info]    : RETIRE | Cycle   2832 | PC=0x00000030 | Inst=0xfe62ece3 (bltu    x5, x6, -8)
[2026-04-01 15:27:29.494] [info]    : RETIRE | Cycle   2835 | PC=0x00000028 | Inst=0x00028023 (sb      x0, 0(x5))
[2026-04-01 15:27:29.494] [info]    : RETIRE | Cycle   2836 | PC=0x0000002c | Inst=0x00128293 (addi    x5, x5, 1)
[2026-04-01 15:27:29.494] [info]    : RETIRE | Cycle   2837 | PC=0x00000030 | Inst=0xfe62ece3 (bltu    x5, x6, -8)
[2026-04-01 15:27:29.494] [info]    : RETIRE | Cycle   2840 | PC=0x00000028 | Inst=0x00028023 (sb      x0, 0(x5))
[2026-04-01 15:27:29.494] [info]    : RETIRE | Cycle   2841 | PC=0x0000002c | Inst=0x00128293 (addi    x5, x5, 1)
[2026-04-01 15:27:29.494] [info]    : RETIRE | Cycle   2842 | PC=0x00000030 | Inst=0xfe62ece3 (bltu    x5, x6, -8)
[2026-04-01 15:27:29.494] [info]    : RETIRE | Cycle   2845 | PC=0x00000028 | Inst=0x00028023 (sb      x0, 0(x5))
[2026-04-01 15:27:29.494] [info]    : RETIRE | Cycle   2846 | PC=0x0000002c | Inst=0x00128293 (addi    x5, x5, 1)
[2026-04-01 15:27:29.494] [info]    : RETIRE | Cycle   2847 | PC=0x00000030 | Inst=0xfe62ece3 (bltu    x5, x6, -8)
[2026-04-01 15:27:29.494] [info]    : RETIRE | Cycle   2850 | PC=0x00000028 | Inst=0x00028023 (sb      x0, 0(x5))
[2026-04-01 15:27:29.494] [info]    : RETIRE | Cycle   2851 | PC=0x0000002c | Inst=0x00128293 (addi    x5, x5, 1)
[2026-04-01 15:27:29.494] [info]    : RETIRE | Cycle   2852 | PC=0x00000030 | Inst=0xfe62ece3 (bltu    x5, x6, -8)
[2026-04-01 15:27:29.494] [info]    : RETIRE | Cycle   2855 | PC=0x00000028 | Inst=0x00028023 (sb      x0, 0(x5))
[2026-04-01 15:27:29.494] [info]    : RETIRE | Cycle   2856 | PC=0x0000002c | Inst=0x00128293 (addi    x5, x5, 1)
[2026-04-01 15:27:29.494] [info]    : RETIRE | Cycle   2857 | PC=0x00000030 | Inst=0xfe62ece3 (bltu    x5, x6, -8)
[2026-04-01 15:27:29.494] [info]    : RETIRE | Cycle   2860 | PC=0x00000028 | Inst=0x00028023 (sb      x0, 0(x5))
[2026-04-01 15:27:29.494] [info]    : RETIRE | Cycle   2861 | PC=0x0000002c | Inst=0x00128293 (addi    x5, x5, 1)
[2026-04-01 15:27:29.494] [info]    : RETIRE | Cycle   2862 | PC=0x00000030 | Inst=0xfe62ece3 (bltu    x5, x6, -8)
[2026-04-01 15:27:29.494] [info]    : RETIRE | Cycle   2865 | PC=0x00000028 | Inst=0x00028023 (sb      x0, 0(x5))
[2026-04-01 15:27:29.494] [info]    : RETIRE | Cycle   2866 | PC=0x0000002c | Inst=0x00128293 (addi    x5, x5, 1)
[2026-04-01 15:27:29.494] [info]    : RETIRE | Cycle   2867 | PC=0x00000030 | Inst=0xfe62ece3 (bltu    x5, x6, -8)
[2026-04-01 15:27:29.494] [info]    : RETIRE | Cycle   2870 | PC=0x00000028 | Inst=0x00028023 (sb      x0, 0(x5))
[2026-04-01 15:27:29.494] [info]    : RETIRE | Cycle   2871 | PC=0x0000002c | Inst=0x00128293 (addi    x5, x5, 1)
[2026-04-01 15:27:29.494] [info]    : RETIRE | Cycle   2872 | PC=0x00000030 | Inst=0xfe62ece3 (bltu    x5, x6, -8)
[2026-04-01 15:27:29.494] [info]    : RETIRE | Cycle   2875 | PC=0x00000028 | Inst=0x00028023 (sb      x0, 0(x5))
[2026-04-01 15:27:29.494] [info]    : RETIRE | Cycle   2876 | PC=0x0000002c | Inst=0x00128293 (addi    x5, x5, 1)
[2026-04-01 15:27:29.494] [info]    : RETIRE | Cycle   2878 | PC=0x00000030 | Inst=0xfe62ece3 (bltu    x5, x6, -8)
[2026-04-01 15:27:29.494] [info]    : RETIRE | Cycle   2881 | PC=0x00000028 | Inst=0x00028023 (sb      x0, 0(x5))
[2026-04-01 15:27:29.494] [info]    : RETIRE | Cycle   2882 | PC=0x0000002c | Inst=0x00128293 (addi    x5, x5, 1)
[2026-04-01 15:27:29.494] [info]    : RETIRE | Cycle   2884 | PC=0x00000030 | Inst=0xfe62ece3 (bltu    x5, x6, -8)
[2026-04-01 15:27:29.494] [info]    : RETIRE | Cycle   2887 | PC=0x00000028 | Inst=0x00028023 (sb      x0, 0(x5))
[2026-04-01 15:27:29.494] [info]    : RETIRE | Cycle   2888 | PC=0x0000002c | Inst=0x00128293 (addi    x5, x5, 1)
[2026-04-01 15:27:29.494] [info]    : RETIRE | Cycle   2890 | PC=0x00000030 | Inst=0xfe62ece3 (bltu    x5, x6, -8)
[2026-04-01 15:27:29.494] [info]    : RETIRE | Cycle   2893 | PC=0x00000028 | Inst=0x00028023 (sb      x0, 0(x5))
[2026-04-01 15:27:29.494] [info]    : RETIRE | Cycle   2894 | PC=0x0000002c | Inst=0x00128293 (addi    x5, x5, 1)
[2026-04-01 15:27:29.494] [info]    : RETIRE | Cycle   2896 | PC=0x00000030 | Inst=0xfe62ece3 (bltu    x5, x6, -8)
[2026-04-01 15:27:29.494] [info]    : RETIRE | Cycle   2899 | PC=0x00000028 | Inst=0x00028023 (sb      x0, 0(x5))
[2026-04-01 15:27:29.494] [info]    : RETIRE | Cycle   2900 | PC=0x0000002c | Inst=0x00128293 (addi    x5, x5, 1)
[2026-04-01 15:27:29.494] [info]    : RETIRE | Cycle   2902 | PC=0x00000030 | Inst=0xfe62ece3 (bltu    x5, x6, -8)
[2026-04-01 15:27:29.494] [info]    : RETIRE | Cycle   2905 | PC=0x00000028 | Inst=0x00028023 (sb      x0, 0(x5))
[2026-04-01 15:27:29.494] [info]    : RETIRE | Cycle   2906 | PC=0x0000002c | Inst=0x00128293 (addi    x5, x5, 1)
[2026-04-01 15:27:29.494] [info]    : RETIRE | Cycle   2908 | PC=0x00000030 | Inst=0xfe62ece3 (bltu    x5, x6, -8)
[2026-04-01 15:27:29.494] [info]    : RETIRE | Cycle   2911 | PC=0x00000028 | Inst=0x00028023 (sb      x0, 0(x5))
[2026-04-01 15:27:29.494] [info]    : RETIRE | Cycle   2912 | PC=0x0000002c | Inst=0x00128293 (addi    x5, x5, 1)
[2026-04-01 15:27:29.494] [info]    : RETIRE | Cycle   2914 | PC=0x00000030 | Inst=0xfe62ece3 (bltu    x5, x6, -8)
[2026-04-01 15:27:29.494] [info]    : RETIRE | Cycle   2925 | PC=0x00000028 | Inst=0x00028023 (sb      x0, 0(x5))
[2026-04-01 15:27:29.494] [info]    : RETIRE | Cycle   2926 | PC=0x0000002c | Inst=0x00128293 (addi    x5, x5, 1)
[2026-04-01 15:27:29.494] [info]    : RETIRE | Cycle   2928 | PC=0x00000030 | Inst=0xfe62ece3 (bltu    x5, x6, -8)
[2026-04-01 15:27:29.494] [info]    : RETIRE | Cycle   2931 | PC=0x00000028 | Inst=0x00028023 (sb      x0, 0(x5))
[2026-04-01 15:27:29.494] [info]    : RETIRE | Cycle   2932 | PC=0x0000002c | Inst=0x00128293 (addi    x5, x5, 1)
[2026-04-01 15:27:29.494] [info]    : RETIRE | Cycle   2933 | PC=0x00000030 | Inst=0xfe62ece3 (bltu    x5, x6, -8)
[2026-04-01 15:27:29.494] [info]    : RETIRE | Cycle   2936 | PC=0x00000028 | Inst=0x00028023 (sb      x0, 0(x5))
[2026-04-01 15:27:29.494] [info]    : RETIRE | Cycle   2937 | PC=0x0000002c | Inst=0x00128293 (addi    x5, x5, 1)
[2026-04-01 15:27:29.494] [info]    : RETIRE | Cycle   2938 | PC=0x00000030 | Inst=0xfe62ece3 (bltu    x5, x6, -8)
[2026-04-01 15:27:29.494] [info]    : RETIRE | Cycle   2941 | PC=0x00000028 | Inst=0x00028023 (sb      x0, 0(x5))
[2026-04-01 15:27:29.494] [info]    : RETIRE | Cycle   2942 | PC=0x0000002c | Inst=0x00128293 (addi    x5, x5, 1)
[2026-04-01 15:27:29.494] [info]    : RETIRE | Cycle   2943 | PC=0x00000030 | Inst=0xfe62ece3 (bltu    x5, x6, -8)
[2026-04-01 15:27:29.494] [info]    : RETIRE | Cycle   2946 | PC=0x00000028 | Inst=0x00028023 (sb      x0, 0(x5))
[2026-04-01 15:27:29.494] [info]    : RETIRE | Cycle   2947 | PC=0x0000002c | Inst=0x00128293 (addi    x5, x5, 1)
[2026-04-01 15:27:29.494] [info]    : RETIRE | Cycle   2948 | PC=0x00000030 | Inst=0xfe62ece3 (bltu    x5, x6, -8)
[2026-04-01 15:27:29.494] [info]    : RETIRE | Cycle   2951 | PC=0x00000028 | Inst=0x00028023 (sb      x0, 0(x5))
[2026-04-01 15:27:29.494] [info]    : RETIRE | Cycle   2952 | PC=0x0000002c | Inst=0x00128293 (addi    x5, x5, 1)
[2026-04-01 15:27:29.494] [info]    : RETIRE | Cycle   2953 | PC=0x00000030 | Inst=0xfe62ece3 (bltu    x5, x6, -8)
[2026-04-01 15:27:29.494] [info]    : RETIRE | Cycle   2956 | PC=0x00000028 | Inst=0x00028023 (sb      x0, 0(x5))
[2026-04-01 15:27:29.494] [info]    : RETIRE | Cycle   2957 | PC=0x0000002c | Inst=0x00128293 (addi    x5, x5, 1)
[2026-04-01 15:27:29.494] [info]    : RETIRE | Cycle   2958 | PC=0x00000030 | Inst=0xfe62ece3 (bltu    x5, x6, -8)
[2026-04-01 15:27:29.494] [info]    : RETIRE | Cycle   2961 | PC=0x00000028 | Inst=0x00028023 (sb      x0, 0(x5))
[2026-04-01 15:27:29.494] [info]    : RETIRE | Cycle   2962 | PC=0x0000002c | Inst=0x00128293 (addi    x5, x5, 1)
[2026-04-01 15:27:29.494] [info]    : RETIRE | Cycle   2963 | PC=0x00000030 | Inst=0xfe62ece3 (bltu    x5, x6, -8)
[2026-04-01 15:27:29.494] [info]    : RETIRE | Cycle   2966 | PC=0x00000028 | Inst=0x00028023 (sb      x0, 0(x5))
[2026-04-01 15:27:29.494] [info]    : RETIRE | Cycle   2967 | PC=0x0000002c | Inst=0x00128293 (addi    x5, x5, 1)
[2026-04-01 15:27:29.494] [info]    : RETIRE | Cycle   2968 | PC=0x00000030 | Inst=0xfe62ece3 (bltu    x5, x6, -8)
[2026-04-01 15:27:29.494] [info]    : RETIRE | Cycle   2971 | PC=0x00000028 | Inst=0x00028023 (sb      x0, 0(x5))
[2026-04-01 15:27:29.494] [info]    : RETIRE | Cycle   2972 | PC=0x0000002c | Inst=0x00128293 (addi    x5, x5, 1)
[2026-04-01 15:27:29.494] [info]    : RETIRE | Cycle   2974 | PC=0x00000030 | Inst=0xfe62ece3 (bltu    x5, x6, -8)
[2026-04-01 15:27:29.494] [info]    : RETIRE | Cycle   2977 | PC=0x00000028 | Inst=0x00028023 (sb      x0, 0(x5))
[2026-04-01 15:27:29.494] [info]    : RETIRE | Cycle   2978 | PC=0x0000002c | Inst=0x00128293 (addi    x5, x5, 1)
[2026-04-01 15:27:29.494] [info]    : RETIRE | Cycle   2980 | PC=0x00000030 | Inst=0xfe62ece3 (bltu    x5, x6, -8)
[2026-04-01 15:27:29.494] [info]    : RETIRE | Cycle   2983 | PC=0x00000028 | Inst=0x00028023 (sb      x0, 0(x5))
[2026-04-01 15:27:29.495] [info]    : RETIRE | Cycle   2984 | PC=0x0000002c | Inst=0x00128293 (addi    x5, x5, 1)
[2026-04-01 15:27:29.495] [info]    : RETIRE | Cycle   2986 | PC=0x00000030 | Inst=0xfe62ece3 (bltu    x5, x6, -8)
[2026-04-01 15:27:29.495] [info]    : RETIRE | Cycle   2989 | PC=0x00000028 | Inst=0x00028023 (sb      x0, 0(x5))
[2026-04-01 15:27:29.495] [info]    : RETIRE | Cycle   2990 | PC=0x0000002c | Inst=0x00128293 (addi    x5, x5, 1)
[2026-04-01 15:27:29.495] [info]    : RETIRE | Cycle   2992 | PC=0x00000030 | Inst=0xfe62ece3 (bltu    x5, x6, -8)
[2026-04-01 15:27:29.495] [info]    : RETIRE | Cycle   2995 | PC=0x00000028 | Inst=0x00028023 (sb      x0, 0(x5))
[2026-04-01 15:27:29.495] [info]    : RETIRE | Cycle   2996 | PC=0x0000002c | Inst=0x00128293 (addi    x5, x5, 1)
[2026-04-01 15:27:29.495] [info]    : RETIRE | Cycle   2998 | PC=0x00000030 | Inst=0xfe62ece3 (bltu    x5, x6, -8)
[2026-04-01 15:27:29.495] [info]    : RETIRE | Cycle   3001 | PC=0x00000028 | Inst=0x00028023 (sb      x0, 0(x5))
[2026-04-01 15:27:29.495] [info]    : RETIRE | Cycle   3002 | PC=0x0000002c | Inst=0x00128293 (addi    x5, x5, 1)
[2026-04-01 15:27:29.495] [info]    : RETIRE | Cycle   3004 | PC=0x00000030 | Inst=0xfe62ece3 (bltu    x5, x6, -8)
[2026-04-01 15:27:29.495] [info]    : RETIRE | Cycle   3007 | PC=0x00000028 | Inst=0x00028023 (sb      x0, 0(x5))
[2026-04-01 15:27:29.495] [info]    : RETIRE | Cycle   3008 | PC=0x0000002c | Inst=0x00128293 (addi    x5, x5, 1)
[2026-04-01 15:27:29.495] [info]    : RETIRE | Cycle   3010 | PC=0x00000030 | Inst=0xfe62ece3 (bltu    x5, x6, -8)
[2026-04-01 15:27:29.495] [info]    : RETIRE | Cycle   3021 | PC=0x00000028 | Inst=0x00028023 (sb      x0, 0(x5))
[2026-04-01 15:27:29.495] [info]    : RETIRE | Cycle   3022 | PC=0x0000002c | Inst=0x00128293 (addi    x5, x5, 1)
[2026-04-01 15:27:29.495] [info]    : RETIRE | Cycle   3024 | PC=0x00000030 | Inst=0xfe62ece3 (bltu    x5, x6, -8)
[2026-04-01 15:27:29.495] [info]    : RETIRE | Cycle   3027 | PC=0x00000028 | Inst=0x00028023 (sb      x0, 0(x5))
[2026-04-01 15:27:29.495] [info]    : RETIRE | Cycle   3028 | PC=0x0000002c | Inst=0x00128293 (addi    x5, x5, 1)
[2026-04-01 15:27:29.495] [info]    : RETIRE | Cycle   3029 | PC=0x00000030 | Inst=0xfe62ece3 (bltu    x5, x6, -8)
[2026-04-01 15:27:29.495] [info]    : RETIRE | Cycle   3032 | PC=0x00000028 | Inst=0x00028023 (sb      x0, 0(x5))
[2026-04-01 15:27:29.495] [info]    : RETIRE | Cycle   3033 | PC=0x0000002c | Inst=0x00128293 (addi    x5, x5, 1)
[2026-04-01 15:27:29.495] [info]    : RETIRE | Cycle   3034 | PC=0x00000030 | Inst=0xfe62ece3 (bltu    x5, x6, -8)
[2026-04-01 15:27:29.495] [info]    : RETIRE | Cycle   3037 | PC=0x00000028 | Inst=0x00028023 (sb      x0, 0(x5))
[2026-04-01 15:27:29.495] [info]    : RETIRE | Cycle   3038 | PC=0x0000002c | Inst=0x00128293 (addi    x5, x5, 1)
[2026-04-01 15:27:29.495] [info]    : RETIRE | Cycle   3039 | PC=0x00000030 | Inst=0xfe62ece3 (bltu    x5, x6, -8)
[2026-04-01 15:27:29.495] [info]    : RETIRE | Cycle   3042 | PC=0x00000028 | Inst=0x00028023 (sb      x0, 0(x5))
[2026-04-01 15:27:29.495] [info]    : RETIRE | Cycle   3043 | PC=0x0000002c | Inst=0x00128293 (addi    x5, x5, 1)
[2026-04-01 15:27:29.495] [info]    : RETIRE | Cycle   3044 | PC=0x00000030 | Inst=0xfe62ece3 (bltu    x5, x6, -8)
[2026-04-01 15:27:29.495] [info]    : RETIRE | Cycle   3047 | PC=0x00000028 | Inst=0x00028023 (sb      x0, 0(x5))
[2026-04-01 15:27:29.495] [info]    : RETIRE | Cycle   3048 | PC=0x0000002c | Inst=0x00128293 (addi    x5, x5, 1)
[2026-04-01 15:27:29.495] [info]    : RETIRE | Cycle   3049 | PC=0x00000030 | Inst=0xfe62ece3 (bltu    x5, x6, -8)
[2026-04-01 15:27:29.495] [info]    : RETIRE | Cycle   3052 | PC=0x00000028 | Inst=0x00028023 (sb      x0, 0(x5))
[2026-04-01 15:27:29.495] [info]    : RETIRE | Cycle   3053 | PC=0x0000002c | Inst=0x00128293 (addi    x5, x5, 1)
[2026-04-01 15:27:29.495] [info]    : RETIRE | Cycle   3054 | PC=0x00000030 | Inst=0xfe62ece3 (bltu    x5, x6, -8)
[2026-04-01 15:27:29.495] [info]    : RETIRE | Cycle   3057 | PC=0x00000028 | Inst=0x00028023 (sb      x0, 0(x5))
[2026-04-01 15:27:29.495] [info]    : RETIRE | Cycle   3058 | PC=0x0000002c | Inst=0x00128293 (addi    x5, x5, 1)
[2026-04-01 15:27:29.495] [info]    : RETIRE | Cycle   3059 | PC=0x00000030 | Inst=0xfe62ece3 (bltu    x5, x6, -8)
[2026-04-01 15:27:29.495] [info]    : RETIRE | Cycle   3062 | PC=0x00000028 | Inst=0x00028023 (sb      x0, 0(x5))
[2026-04-01 15:27:29.495] [info]    : RETIRE | Cycle   3063 | PC=0x0000002c | Inst=0x00128293 (addi    x5, x5, 1)
[2026-04-01 15:27:29.495] [info]    : RETIRE | Cycle   3064 | PC=0x00000030 | Inst=0xfe62ece3 (bltu    x5, x6, -8)
[2026-04-01 15:27:29.495] [info]    : RETIRE | Cycle   3067 | PC=0x00000028 | Inst=0x00028023 (sb      x0, 0(x5))
[2026-04-01 15:27:29.495] [info]    : RETIRE | Cycle   3068 | PC=0x0000002c | Inst=0x00128293 (addi    x5, x5, 1)
[2026-04-01 15:27:29.495] [info]    : RETIRE | Cycle   3070 | PC=0x00000030 | Inst=0xfe62ece3 (bltu    x5, x6, -8)
[2026-04-01 15:27:29.495] [info]    : RETIRE | Cycle   3073 | PC=0x00000028 | Inst=0x00028023 (sb      x0, 0(x5))
[2026-04-01 15:27:29.495] [info]    : RETIRE | Cycle   3074 | PC=0x0000002c | Inst=0x00128293 (addi    x5, x5, 1)
[2026-04-01 15:27:29.495] [info]    : RETIRE | Cycle   3076 | PC=0x00000030 | Inst=0xfe62ece3 (bltu    x5, x6, -8)
[2026-04-01 15:27:29.495] [info]    : RETIRE | Cycle   3079 | PC=0x00000028 | Inst=0x00028023 (sb      x0, 0(x5))
[2026-04-01 15:27:29.495] [info]    : RETIRE | Cycle   3080 | PC=0x0000002c | Inst=0x00128293 (addi    x5, x5, 1)
[2026-04-01 15:27:29.495] [info]    : RETIRE | Cycle   3082 | PC=0x00000030 | Inst=0xfe62ece3 (bltu    x5, x6, -8)
[2026-04-01 15:27:29.495] [info]    : RETIRE | Cycle   3085 | PC=0x00000028 | Inst=0x00028023 (sb      x0, 0(x5))
[2026-04-01 15:27:29.495] [info]    : RETIRE | Cycle   3086 | PC=0x0000002c | Inst=0x00128293 (addi    x5, x5, 1)
[2026-04-01 15:27:29.495] [info]    : RETIRE | Cycle   3088 | PC=0x00000030 | Inst=0xfe62ece3 (bltu    x5, x6, -8)
[2026-04-01 15:27:29.495] [info]    : RETIRE | Cycle   3091 | PC=0x00000028 | Inst=0x00028023 (sb      x0, 0(x5))
[2026-04-01 15:27:29.495] [info]    : RETIRE | Cycle   3092 | PC=0x0000002c | Inst=0x00128293 (addi    x5, x5, 1)
[2026-04-01 15:27:29.495] [info]    : RETIRE | Cycle   3094 | PC=0x00000030 | Inst=0xfe62ece3 (bltu    x5, x6, -8)
[2026-04-01 15:27:29.495] [info]    : RETIRE | Cycle   3097 | PC=0x00000028 | Inst=0x00028023 (sb      x0, 0(x5))
[2026-04-01 15:27:29.495] [info]    : RETIRE | Cycle   3098 | PC=0x0000002c | Inst=0x00128293 (addi    x5, x5, 1)
[2026-04-01 15:27:29.495] [info]    : RETIRE | Cycle   3100 | PC=0x00000030 | Inst=0xfe62ece3 (bltu    x5, x6, -8)
[2026-04-01 15:27:29.495] [info]    : RETIRE | Cycle   3103 | PC=0x00000028 | Inst=0x00028023 (sb      x0, 0(x5))
[2026-04-01 15:27:29.495] [info]    : RETIRE | Cycle   3104 | PC=0x0000002c | Inst=0x00128293 (addi    x5, x5, 1)
[2026-04-01 15:27:29.495] [info]    : RETIRE | Cycle   3106 | PC=0x00000030 | Inst=0xfe62ece3 (bltu    x5, x6, -8)
[2026-04-01 15:27:29.495] [info]    : RETIRE | Cycle   3126 | PC=0x00000028 | Inst=0x00028023 (sb      x0, 0(x5))
[2026-04-01 15:27:29.495] [info]    : RETIRE | Cycle   3127 | PC=0x0000002c | Inst=0x00128293 (addi    x5, x5, 1)
[2026-04-01 15:27:29.495] [info]    : RETIRE | Cycle   3129 | PC=0x00000030 | Inst=0xfe62ece3 (bltu    x5, x6, -8)
[2026-04-01 15:27:29.496] [info]    : RETIRE | Cycle   3132 | PC=0x00000028 | Inst=0x00028023 (sb      x0, 0(x5))
[2026-04-01 15:27:29.496] [info]    : RETIRE | Cycle   3133 | PC=0x0000002c | Inst=0x00128293 (addi    x5, x5, 1)
[2026-04-01 15:27:29.496] [info]    : RETIRE | Cycle   3134 | PC=0x00000030 | Inst=0xfe62ece3 (bltu    x5, x6, -8)
[2026-04-01 15:27:29.496] [info]    : RETIRE | Cycle   3137 | PC=0x00000028 | Inst=0x00028023 (sb      x0, 0(x5))
[2026-04-01 15:27:29.496] [info]    : RETIRE | Cycle   3138 | PC=0x0000002c | Inst=0x00128293 (addi    x5, x5, 1)
[2026-04-01 15:27:29.496] [info]    : RETIRE | Cycle   3139 | PC=0x00000030 | Inst=0xfe62ece3 (bltu    x5, x6, -8)
[2026-04-01 15:27:29.496] [info]    : RETIRE | Cycle   3142 | PC=0x00000028 | Inst=0x00028023 (sb      x0, 0(x5))
[2026-04-01 15:27:29.496] [info]    : RETIRE | Cycle   3143 | PC=0x0000002c | Inst=0x00128293 (addi    x5, x5, 1)
[2026-04-01 15:27:29.496] [info]    : RETIRE | Cycle   3144 | PC=0x00000030 | Inst=0xfe62ece3 (bltu    x5, x6, -8)
[2026-04-01 15:27:29.496] [info]    : RETIRE | Cycle   3147 | PC=0x00000028 | Inst=0x00028023 (sb      x0, 0(x5))
[2026-04-01 15:27:29.496] [info]    : RETIRE | Cycle   3148 | PC=0x0000002c | Inst=0x00128293 (addi    x5, x5, 1)
[2026-04-01 15:27:29.496] [info]    : RETIRE | Cycle   3149 | PC=0x00000030 | Inst=0xfe62ece3 (bltu    x5, x6, -8)
[2026-04-01 15:27:29.496] [info]    : RETIRE | Cycle   3152 | PC=0x00000028 | Inst=0x00028023 (sb      x0, 0(x5))
[2026-04-01 15:27:29.496] [info]    : RETIRE | Cycle   3153 | PC=0x0000002c | Inst=0x00128293 (addi    x5, x5, 1)
[2026-04-01 15:27:29.496] [info]    : RETIRE | Cycle   3154 | PC=0x00000030 | Inst=0xfe62ece3 (bltu    x5, x6, -8)
[2026-04-01 15:27:29.496] [info]    : RETIRE | Cycle   3157 | PC=0x00000028 | Inst=0x00028023 (sb      x0, 0(x5))
[2026-04-01 15:27:29.496] [info]    : RETIRE | Cycle   3158 | PC=0x0000002c | Inst=0x00128293 (addi    x5, x5, 1)
[2026-04-01 15:27:29.496] [info]    : RETIRE | Cycle   3159 | PC=0x00000030 | Inst=0xfe62ece3 (bltu    x5, x6, -8)
[2026-04-01 15:27:29.496] [info]    : RETIRE | Cycle   3162 | PC=0x00000028 | Inst=0x00028023 (sb      x0, 0(x5))
[2026-04-01 15:27:29.496] [info]    : RETIRE | Cycle   3163 | PC=0x0000002c | Inst=0x00128293 (addi    x5, x5, 1)
[2026-04-01 15:27:29.496] [info]    : RETIRE | Cycle   3164 | PC=0x00000030 | Inst=0xfe62ece3 (bltu    x5, x6, -8)
[2026-04-01 15:27:29.496] [info]    : RETIRE | Cycle   3167 | PC=0x00000028 | Inst=0x00028023 (sb      x0, 0(x5))
[2026-04-01 15:27:29.496] [info]    : RETIRE | Cycle   3168 | PC=0x0000002c | Inst=0x00128293 (addi    x5, x5, 1)
[2026-04-01 15:27:29.496] [info]    : RETIRE | Cycle   3169 | PC=0x00000030 | Inst=0xfe62ece3 (bltu    x5, x6, -8)
[2026-04-01 15:27:29.496] [info]    : RETIRE | Cycle   3172 | PC=0x00000028 | Inst=0x00028023 (sb      x0, 0(x5))
[2026-04-01 15:27:29.496] [info]    : RETIRE | Cycle   3173 | PC=0x0000002c | Inst=0x00128293 (addi    x5, x5, 1)
[2026-04-01 15:27:29.496] [info]    : RETIRE | Cycle   3174 | PC=0x00000030 | Inst=0xfe62ece3 (bltu    x5, x6, -8)
[2026-04-01 15:27:29.496] [info]    : RETIRE | Cycle   3177 | PC=0x00000028 | Inst=0x00028023 (sb      x0, 0(x5))
[2026-04-01 15:27:29.496] [info]    : RETIRE | Cycle   3178 | PC=0x0000002c | Inst=0x00128293 (addi    x5, x5, 1)
[2026-04-01 15:27:29.496] [info]    : RETIRE | Cycle   3179 | PC=0x00000030 | Inst=0xfe62ece3 (bltu    x5, x6, -8)
[2026-04-01 15:27:29.496] [info]    : RETIRE | Cycle   3182 | PC=0x00000028 | Inst=0x00028023 (sb      x0, 0(x5))
[2026-04-01 15:27:29.496] [info]    : RETIRE | Cycle   3183 | PC=0x0000002c | Inst=0x00128293 (addi    x5, x5, 1)
[2026-04-01 15:27:29.496] [info]    : RETIRE | Cycle   3184 | PC=0x00000030 | Inst=0xfe62ece3 (bltu    x5, x6, -8)
[2026-04-01 15:27:29.496] [info]    : RETIRE | Cycle   3187 | PC=0x00000028 | Inst=0x00028023 (sb      x0, 0(x5))
[2026-04-01 15:27:29.496] [info]    : RETIRE | Cycle   3188 | PC=0x0000002c | Inst=0x00128293 (addi    x5, x5, 1)
[2026-04-01 15:27:29.496] [info]    : RETIRE | Cycle   3190 | PC=0x00000030 | Inst=0xfe62ece3 (bltu    x5, x6, -8)
[2026-04-01 15:27:29.496] [info]    : RETIRE | Cycle   3193 | PC=0x00000028 | Inst=0x00028023 (sb      x0, 0(x5))
[2026-04-01 15:27:29.496] [info]    : RETIRE | Cycle   3194 | PC=0x0000002c | Inst=0x00128293 (addi    x5, x5, 1)
[2026-04-01 15:27:29.496] [info]    : RETIRE | Cycle   3196 | PC=0x00000030 | Inst=0xfe62ece3 (bltu    x5, x6, -8)
[2026-04-01 15:27:29.496] [info]    : RETIRE | Cycle   3199 | PC=0x00000028 | Inst=0x00028023 (sb      x0, 0(x5))
[2026-04-01 15:27:29.496] [info]    : RETIRE | Cycle   3200 | PC=0x0000002c | Inst=0x00128293 (addi    x5, x5, 1)
[2026-04-01 15:27:29.496] [info]    : RETIRE | Cycle   3202 | PC=0x00000030 | Inst=0xfe62ece3 (bltu    x5, x6, -8)
[2026-04-01 15:27:29.496] [info]    : RETIRE | Cycle   3205 | PC=0x00000028 | Inst=0x00028023 (sb      x0, 0(x5))
[2026-04-01 15:27:29.496] [info]    : RETIRE | Cycle   3206 | PC=0x0000002c | Inst=0x00128293 (addi    x5, x5, 1)
[2026-04-01 15:27:29.496] [info]    : RETIRE | Cycle   3208 | PC=0x00000030 | Inst=0xfe62ece3 (bltu    x5, x6, -8)
[2026-04-01 15:27:29.496] [info]    : RETIRE | Cycle   3228 | PC=0x00000028 | Inst=0x00028023 (sb      x0, 0(x5))
[2026-04-01 15:27:29.496] [info]    : RETIRE | Cycle   3229 | PC=0x0000002c | Inst=0x00128293 (addi    x5, x5, 1)
[2026-04-01 15:27:29.496] [info]    : RETIRE | Cycle   3231 | PC=0x00000030 | Inst=0xfe62ece3 (bltu    x5, x6, -8)
[2026-04-01 15:27:29.496] [info]    : RETIRE | Cycle   3234 | PC=0x00000028 | Inst=0x00028023 (sb      x0, 0(x5))
[2026-04-01 15:27:29.496] [info]    : RETIRE | Cycle   3235 | PC=0x0000002c | Inst=0x00128293 (addi    x5, x5, 1)
[2026-04-01 15:27:29.496] [info]    : RETIRE | Cycle   3236 | PC=0x00000030 | Inst=0xfe62ece3 (bltu    x5, x6, -8)
[2026-04-01 15:27:29.496] [info]    : RETIRE | Cycle   3239 | PC=0x00000028 | Inst=0x00028023 (sb      x0, 0(x5))
[2026-04-01 15:27:29.496] [info]    : RETIRE | Cycle   3240 | PC=0x0000002c | Inst=0x00128293 (addi    x5, x5, 1)
[2026-04-01 15:27:29.496] [info]    : RETIRE | Cycle   3241 | PC=0x00000030 | Inst=0xfe62ece3 (bltu    x5, x6, -8)
[2026-04-01 15:27:29.496] [info]    : RETIRE | Cycle   3244 | PC=0x00000028 | Inst=0x00028023 (sb      x0, 0(x5))
[2026-04-01 15:27:29.496] [info]    : RETIRE | Cycle   3245 | PC=0x0000002c | Inst=0x00128293 (addi    x5, x5, 1)
[2026-04-01 15:27:29.496] [info]    : RETIRE | Cycle   3246 | PC=0x00000030 | Inst=0xfe62ece3 (bltu    x5, x6, -8)
[2026-04-01 15:27:29.496] [info]    : RETIRE | Cycle   3249 | PC=0x00000028 | Inst=0x00028023 (sb      x0, 0(x5))
[2026-04-01 15:27:29.496] [info]    : RETIRE | Cycle   3250 | PC=0x0000002c | Inst=0x00128293 (addi    x5, x5, 1)
[2026-04-01 15:27:29.496] [info]    : RETIRE | Cycle   3251 | PC=0x00000030 | Inst=0xfe62ece3 (bltu    x5, x6, -8)
[2026-04-01 15:27:29.497] [info]    : RETIRE | Cycle   3254 | PC=0x00000028 | Inst=0x00028023 (sb      x0, 0(x5))
[2026-04-01 15:27:29.497] [info]    : RETIRE | Cycle   3255 | PC=0x0000002c | Inst=0x00128293 (addi    x5, x5, 1)
[2026-04-01 15:27:29.497] [info]    : RETIRE | Cycle   3256 | PC=0x00000030 | Inst=0xfe62ece3 (bltu    x5, x6, -8)
[2026-04-01 15:27:29.497] [info]    : RETIRE | Cycle   3259 | PC=0x00000028 | Inst=0x00028023 (sb      x0, 0(x5))
[2026-04-01 15:27:29.497] [info]    : RETIRE | Cycle   3260 | PC=0x0000002c | Inst=0x00128293 (addi    x5, x5, 1)
[2026-04-01 15:27:29.497] [info]    : RETIRE | Cycle   3261 | PC=0x00000030 | Inst=0xfe62ece3 (bltu    x5, x6, -8)
[2026-04-01 15:27:29.497] [info]    : RETIRE | Cycle   3264 | PC=0x00000028 | Inst=0x00028023 (sb      x0, 0(x5))
[2026-04-01 15:27:29.497] [info]    : RETIRE | Cycle   3265 | PC=0x0000002c | Inst=0x00128293 (addi    x5, x5, 1)
[2026-04-01 15:27:29.497] [info]    : RETIRE | Cycle   3266 | PC=0x00000030 | Inst=0xfe62ece3 (bltu    x5, x6, -8)
[2026-04-01 15:27:29.497] [info]    : RETIRE | Cycle   3269 | PC=0x00000028 | Inst=0x00028023 (sb      x0, 0(x5))
[2026-04-01 15:27:29.497] [info]    : RETIRE | Cycle   3270 | PC=0x0000002c | Inst=0x00128293 (addi    x5, x5, 1)
[2026-04-01 15:27:29.497] [info]    : RETIRE | Cycle   3271 | PC=0x00000030 | Inst=0xfe62ece3 (bltu    x5, x6, -8)
[2026-04-01 15:27:29.497] [info]    : RETIRE | Cycle   3274 | PC=0x00000028 | Inst=0x00028023 (sb      x0, 0(x5))
[2026-04-01 15:27:29.497] [info]    : RETIRE | Cycle   3275 | PC=0x0000002c | Inst=0x00128293 (addi    x5, x5, 1)
[2026-04-01 15:27:29.497] [info]    : RETIRE | Cycle   3276 | PC=0x00000030 | Inst=0xfe62ece3 (bltu    x5, x6, -8)
[2026-04-01 15:27:29.497] [info]    : RETIRE | Cycle   3279 | PC=0x00000028 | Inst=0x00028023 (sb      x0, 0(x5))
[2026-04-01 15:27:29.497] [info]    : RETIRE | Cycle   3280 | PC=0x0000002c | Inst=0x00128293 (addi    x5, x5, 1)
[2026-04-01 15:27:29.497] [info]    : RETIRE | Cycle   3281 | PC=0x00000030 | Inst=0xfe62ece3 (bltu    x5, x6, -8)
[2026-04-01 15:27:29.497] [info]    : RETIRE | Cycle   3284 | PC=0x00000028 | Inst=0x00028023 (sb      x0, 0(x5))
[2026-04-01 15:27:29.497] [info]    : RETIRE | Cycle   3285 | PC=0x0000002c | Inst=0x00128293 (addi    x5, x5, 1)
[2026-04-01 15:27:29.497] [info]    : RETIRE | Cycle   3286 | PC=0x00000030 | Inst=0xfe62ece3 (bltu    x5, x6, -8)
[2026-04-01 15:27:29.497] [info]    : RETIRE | Cycle   3289 | PC=0x00000028 | Inst=0x00028023 (sb      x0, 0(x5))
[2026-04-01 15:27:29.497] [info]    : RETIRE | Cycle   3290 | PC=0x0000002c | Inst=0x00128293 (addi    x5, x5, 1)
[2026-04-01 15:27:29.497] [info]    : RETIRE | Cycle   3292 | PC=0x00000030 | Inst=0xfe62ece3 (bltu    x5, x6, -8)
[2026-04-01 15:27:29.497] [info]    : RETIRE | Cycle   3295 | PC=0x00000028 | Inst=0x00028023 (sb      x0, 0(x5))
[2026-04-01 15:27:29.497] [info]    : RETIRE | Cycle   3296 | PC=0x0000002c | Inst=0x00128293 (addi    x5, x5, 1)
[2026-04-01 15:27:29.497] [info]    : RETIRE | Cycle   3298 | PC=0x00000030 | Inst=0xfe62ece3 (bltu    x5, x6, -8)
[2026-04-01 15:27:29.497] [info]    : RETIRE | Cycle   3301 | PC=0x00000028 | Inst=0x00028023 (sb      x0, 0(x5))
[2026-04-01 15:27:29.497] [info]    : RETIRE | Cycle   3302 | PC=0x0000002c | Inst=0x00128293 (addi    x5, x5, 1)
[2026-04-01 15:27:29.497] [info]    : RETIRE | Cycle   3304 | PC=0x00000030 | Inst=0xfe62ece3 (bltu    x5, x6, -8)
[2026-04-01 15:27:29.497] [info]    : RETIRE | Cycle   3307 | PC=0x00000028 | Inst=0x00028023 (sb      x0, 0(x5))
[2026-04-01 15:27:29.497] [info]    : RETIRE | Cycle   3308 | PC=0x0000002c | Inst=0x00128293 (addi    x5, x5, 1)
[2026-04-01 15:27:29.497] [info]    : RETIRE | Cycle   3310 | PC=0x00000030 | Inst=0xfe62ece3 (bltu    x5, x6, -8)
[2026-04-01 15:27:29.497] [info]    : RETIRE | Cycle   3330 | PC=0x00000028 | Inst=0x00028023 (sb      x0, 0(x5))
[2026-04-01 15:27:29.497] [info]    : RETIRE | Cycle   3331 | PC=0x0000002c | Inst=0x00128293 (addi    x5, x5, 1)
[2026-04-01 15:27:29.497] [info]    : RETIRE | Cycle   3333 | PC=0x00000030 | Inst=0xfe62ece3 (bltu    x5, x6, -8)
[2026-04-01 15:27:29.497] [info]    : RETIRE | Cycle   3336 | PC=0x00000028 | Inst=0x00028023 (sb      x0, 0(x5))
[2026-04-01 15:27:29.497] [info]    : RETIRE | Cycle   3337 | PC=0x0000002c | Inst=0x00128293 (addi    x5, x5, 1)
[2026-04-01 15:27:29.497] [info]    : RETIRE | Cycle   3338 | PC=0x00000030 | Inst=0xfe62ece3 (bltu    x5, x6, -8)
[2026-04-01 15:27:29.497] [info]    : RETIRE | Cycle   3341 | PC=0x00000028 | Inst=0x00028023 (sb      x0, 0(x5))
[2026-04-01 15:27:29.497] [info]    : RETIRE | Cycle   3342 | PC=0x0000002c | Inst=0x00128293 (addi    x5, x5, 1)
[2026-04-01 15:27:29.497] [info]    : RETIRE | Cycle   3343 | PC=0x00000030 | Inst=0xfe62ece3 (bltu    x5, x6, -8)
[2026-04-01 15:27:29.497] [info]    : RETIRE | Cycle   3346 | PC=0x00000028 | Inst=0x00028023 (sb      x0, 0(x5))
[2026-04-01 15:27:29.497] [info]    : RETIRE | Cycle   3347 | PC=0x0000002c | Inst=0x00128293 (addi    x5, x5, 1)
[2026-04-01 15:27:29.497] [info]    : RETIRE | Cycle   3348 | PC=0x00000030 | Inst=0xfe62ece3 (bltu    x5, x6, -8)
[2026-04-01 15:27:29.497] [info]    : RETIRE | Cycle   3351 | PC=0x00000028 | Inst=0x00028023 (sb      x0, 0(x5))
[2026-04-01 15:27:29.497] [info]    : RETIRE | Cycle   3352 | PC=0x0000002c | Inst=0x00128293 (addi    x5, x5, 1)
[2026-04-01 15:27:29.497] [info]    : RETIRE | Cycle   3353 | PC=0x00000030 | Inst=0xfe62ece3 (bltu    x5, x6, -8)
[2026-04-01 15:27:29.497] [info]    : RETIRE | Cycle   3356 | PC=0x00000028 | Inst=0x00028023 (sb      x0, 0(x5))
[2026-04-01 15:27:29.497] [info]    : RETIRE | Cycle   3357 | PC=0x0000002c | Inst=0x00128293 (addi    x5, x5, 1)
[2026-04-01 15:27:29.497] [info]    : RETIRE | Cycle   3358 | PC=0x00000030 | Inst=0xfe62ece3 (bltu    x5, x6, -8)
[2026-04-01 15:27:29.497] [info]    : RETIRE | Cycle   3361 | PC=0x00000028 | Inst=0x00028023 (sb      x0, 0(x5))
[2026-04-01 15:27:29.497] [info]    : RETIRE | Cycle   3362 | PC=0x0000002c | Inst=0x00128293 (addi    x5, x5, 1)
[2026-04-01 15:27:29.497] [info]    : RETIRE | Cycle   3363 | PC=0x00000030 | Inst=0xfe62ece3 (bltu    x5, x6, -8)
[2026-04-01 15:27:29.497] [info]    : RETIRE | Cycle   3366 | PC=0x00000028 | Inst=0x00028023 (sb      x0, 0(x5))
[2026-04-01 15:27:29.497] [info]    : RETIRE | Cycle   3367 | PC=0x0000002c | Inst=0x00128293 (addi    x5, x5, 1)
[2026-04-01 15:27:29.497] [info]    : RETIRE | Cycle   3368 | PC=0x00000030 | Inst=0xfe62ece3 (bltu    x5, x6, -8)
[2026-04-01 15:27:29.497] [info]    : RETIRE | Cycle   3371 | PC=0x00000028 | Inst=0x00028023 (sb      x0, 0(x5))
[2026-04-01 15:27:29.497] [info]    : RETIRE | Cycle   3372 | PC=0x0000002c | Inst=0x00128293 (addi    x5, x5, 1)
[2026-04-01 15:27:29.497] [info]    : RETIRE | Cycle   3373 | PC=0x00000030 | Inst=0xfe62ece3 (bltu    x5, x6, -8)
[2026-04-01 15:27:29.497] [info]    : RETIRE | Cycle   3376 | PC=0x00000028 | Inst=0x00028023 (sb      x0, 0(x5))
[2026-04-01 15:27:29.497] [info]    : RETIRE | Cycle   3377 | PC=0x0000002c | Inst=0x00128293 (addi    x5, x5, 1)
[2026-04-01 15:27:29.497] [info]    : RETIRE | Cycle   3378 | PC=0x00000030 | Inst=0xfe62ece3 (bltu    x5, x6, -8)
[2026-04-01 15:27:29.497] [info]    : RETIRE | Cycle   3381 | PC=0x00000028 | Inst=0x00028023 (sb      x0, 0(x5))
[2026-04-01 15:27:29.497] [info]    : RETIRE | Cycle   3382 | PC=0x0000002c | Inst=0x00128293 (addi    x5, x5, 1)
[2026-04-01 15:27:29.498] [info]    : RETIRE | Cycle   3383 | PC=0x00000030 | Inst=0xfe62ece3 (bltu    x5, x6, -8)
[2026-04-01 15:27:29.498] [info]    : RETIRE | Cycle   3386 | PC=0x00000028 | Inst=0x00028023 (sb      x0, 0(x5))
[2026-04-01 15:27:29.498] [info]    : RETIRE | Cycle   3387 | PC=0x0000002c | Inst=0x00128293 (addi    x5, x5, 1)
[2026-04-01 15:27:29.498] [info]    : RETIRE | Cycle   3388 | PC=0x00000030 | Inst=0xfe62ece3 (bltu    x5, x6, -8)
[2026-04-01 15:27:29.498] [info]    : RETIRE | Cycle   3391 | PC=0x00000028 | Inst=0x00028023 (sb      x0, 0(x5))
[2026-04-01 15:27:29.498] [info]    : RETIRE | Cycle   3392 | PC=0x0000002c | Inst=0x00128293 (addi    x5, x5, 1)
[2026-04-01 15:27:29.498] [info]    : RETIRE | Cycle   3394 | PC=0x00000030 | Inst=0xfe62ece3 (bltu    x5, x6, -8)
[2026-04-01 15:27:29.498] [info]    : RETIRE | Cycle   3397 | PC=0x00000028 | Inst=0x00028023 (sb      x0, 0(x5))
[2026-04-01 15:27:29.498] [info]    : RETIRE | Cycle   3398 | PC=0x0000002c | Inst=0x00128293 (addi    x5, x5, 1)
[2026-04-01 15:27:29.498] [info]    : RETIRE | Cycle   3400 | PC=0x00000030 | Inst=0xfe62ece3 (bltu    x5, x6, -8)
[2026-04-01 15:27:29.498] [info]    : RETIRE | Cycle   3403 | PC=0x00000028 | Inst=0x00028023 (sb      x0, 0(x5))
[2026-04-01 15:27:29.498] [info]    : RETIRE | Cycle   3404 | PC=0x0000002c | Inst=0x00128293 (addi    x5, x5, 1)
[2026-04-01 15:27:29.498] [info]    : RETIRE | Cycle   3406 | PC=0x00000030 | Inst=0xfe62ece3 (bltu    x5, x6, -8)
[2026-04-01 15:27:29.498] [info]    : RETIRE | Cycle   3409 | PC=0x00000028 | Inst=0x00028023 (sb      x0, 0(x5))
[2026-04-01 15:27:29.498] [info]    : RETIRE | Cycle   3410 | PC=0x0000002c | Inst=0x00128293 (addi    x5, x5, 1)
[2026-04-01 15:27:29.498] [info]    : RETIRE | Cycle   3412 | PC=0x00000030 | Inst=0xfe62ece3 (bltu    x5, x6, -8)
[2026-04-01 15:27:29.498] [info]    : RETIRE | Cycle   3432 | PC=0x00000028 | Inst=0x00028023 (sb      x0, 0(x5))
[2026-04-01 15:27:29.498] [info]    : RETIRE | Cycle   3433 | PC=0x0000002c | Inst=0x00128293 (addi    x5, x5, 1)
[2026-04-01 15:27:29.498] [info]    : RETIRE | Cycle   3435 | PC=0x00000030 | Inst=0xfe62ece3 (bltu    x5, x6, -8)
[2026-04-01 15:27:29.498] [info]    : RETIRE | Cycle   3438 | PC=0x00000028 | Inst=0x00028023 (sb      x0, 0(x5))
[2026-04-01 15:27:29.498] [info]    : RETIRE | Cycle   3439 | PC=0x0000002c | Inst=0x00128293 (addi    x5, x5, 1)
[2026-04-01 15:27:29.498] [info]    : RETIRE | Cycle   3440 | PC=0x00000030 | Inst=0xfe62ece3 (bltu    x5, x6, -8)
[2026-04-01 15:27:29.498] [info]    : RETIRE | Cycle   3443 | PC=0x00000028 | Inst=0x00028023 (sb      x0, 0(x5))
[2026-04-01 15:27:29.498] [info]    : RETIRE | Cycle   3444 | PC=0x0000002c | Inst=0x00128293 (addi    x5, x5, 1)
[2026-04-01 15:27:29.498] [info]    : RETIRE | Cycle   3445 | PC=0x00000030 | Inst=0xfe62ece3 (bltu    x5, x6, -8)
[2026-04-01 15:27:29.498] [info]    : RETIRE | Cycle   3448 | PC=0x00000028 | Inst=0x00028023 (sb      x0, 0(x5))
[2026-04-01 15:27:29.498] [info]    : RETIRE | Cycle   3449 | PC=0x0000002c | Inst=0x00128293 (addi    x5, x5, 1)
[2026-04-01 15:27:29.498] [info]    : RETIRE | Cycle   3450 | PC=0x00000030 | Inst=0xfe62ece3 (bltu    x5, x6, -8)
[2026-04-01 15:27:29.498] [info]    : RETIRE | Cycle   3453 | PC=0x00000028 | Inst=0x00028023 (sb      x0, 0(x5))
[2026-04-01 15:27:29.498] [info]    : RETIRE | Cycle   3454 | PC=0x0000002c | Inst=0x00128293 (addi    x5, x5, 1)
[2026-04-01 15:27:29.498] [info]    : RETIRE | Cycle   3455 | PC=0x00000030 | Inst=0xfe62ece3 (bltu    x5, x6, -8)
[2026-04-01 15:27:29.498] [info]    : RETIRE | Cycle   3458 | PC=0x00000028 | Inst=0x00028023 (sb      x0, 0(x5))
[2026-04-01 15:27:29.498] [info]    : RETIRE | Cycle   3459 | PC=0x0000002c | Inst=0x00128293 (addi    x5, x5, 1)
[2026-04-01 15:27:29.498] [info]    : RETIRE | Cycle   3460 | PC=0x00000030 | Inst=0xfe62ece3 (bltu    x5, x6, -8)
[2026-04-01 15:27:29.498] [info]    : RETIRE | Cycle   3463 | PC=0x00000028 | Inst=0x00028023 (sb      x0, 0(x5))
[2026-04-01 15:27:29.498] [info]    : RETIRE | Cycle   3464 | PC=0x0000002c | Inst=0x00128293 (addi    x5, x5, 1)
[2026-04-01 15:27:29.498] [info]    : RETIRE | Cycle   3465 | PC=0x00000030 | Inst=0xfe62ece3 (bltu    x5, x6, -8)
[2026-04-01 15:27:29.498] [info]    : RETIRE | Cycle   3468 | PC=0x00000028 | Inst=0x00028023 (sb      x0, 0(x5))
[2026-04-01 15:27:29.498] [info]    : RETIRE | Cycle   3469 | PC=0x0000002c | Inst=0x00128293 (addi    x5, x5, 1)
[2026-04-01 15:27:29.498] [info]    : RETIRE | Cycle   3470 | PC=0x00000030 | Inst=0xfe62ece3 (bltu    x5, x6, -8)
[2026-04-01 15:27:29.498] [info]    : RETIRE | Cycle   3473 | PC=0x00000028 | Inst=0x00028023 (sb      x0, 0(x5))
[2026-04-01 15:27:29.498] [info]    : RETIRE | Cycle   3474 | PC=0x0000002c | Inst=0x00128293 (addi    x5, x5, 1)
[2026-04-01 15:27:29.498] [info]    : RETIRE | Cycle   3475 | PC=0x00000030 | Inst=0xfe62ece3 (bltu    x5, x6, -8)
[2026-04-01 15:27:29.498] [info]    : RETIRE | Cycle   3478 | PC=0x00000028 | Inst=0x00028023 (sb      x0, 0(x5))
[2026-04-01 15:27:29.498] [info]    : RETIRE | Cycle   3479 | PC=0x0000002c | Inst=0x00128293 (addi    x5, x5, 1)
[2026-04-01 15:27:29.498] [info]    : RETIRE | Cycle   3480 | PC=0x00000030 | Inst=0xfe62ece3 (bltu    x5, x6, -8)
[2026-04-01 15:27:29.498] [info]    : RETIRE | Cycle   3483 | PC=0x00000028 | Inst=0x00028023 (sb      x0, 0(x5))
[2026-04-01 15:27:29.498] [info]    : RETIRE | Cycle   3484 | PC=0x0000002c | Inst=0x00128293 (addi    x5, x5, 1)
[2026-04-01 15:27:29.498] [info]    : RETIRE | Cycle   3485 | PC=0x00000030 | Inst=0xfe62ece3 (bltu    x5, x6, -8)
[2026-04-01 15:27:29.498] [info]    : RETIRE | Cycle   3488 | PC=0x00000028 | Inst=0x00028023 (sb      x0, 0(x5))
[2026-04-01 15:27:29.498] [info]    : RETIRE | Cycle   3489 | PC=0x0000002c | Inst=0x00128293 (addi    x5, x5, 1)
[2026-04-01 15:27:29.498] [info]    : RETIRE | Cycle   3490 | PC=0x00000030 | Inst=0xfe62ece3 (bltu    x5, x6, -8)
[2026-04-01 15:27:29.498] [info]    : RETIRE | Cycle   3493 | PC=0x00000028 | Inst=0x00028023 (sb      x0, 0(x5))
[2026-04-01 15:27:29.498] [info]    : RETIRE | Cycle   3494 | PC=0x0000002c | Inst=0x00128293 (addi    x5, x5, 1)
[2026-04-01 15:27:29.498] [info]    : RETIRE | Cycle   3496 | PC=0x00000030 | Inst=0xfe62ece3 (bltu    x5, x6, -8)
[2026-04-01 15:27:29.498] [info]    : RETIRE | Cycle   3499 | PC=0x00000028 | Inst=0x00028023 (sb      x0, 0(x5))
[2026-04-01 15:27:29.498] [info]    : RETIRE | Cycle   3500 | PC=0x0000002c | Inst=0x00128293 (addi    x5, x5, 1)
[2026-04-01 15:27:29.498] [info]    : RETIRE | Cycle   3502 | PC=0x00000030 | Inst=0xfe62ece3 (bltu    x5, x6, -8)
[2026-04-01 15:27:29.498] [info]    : RETIRE | Cycle   3505 | PC=0x00000028 | Inst=0x00028023 (sb      x0, 0(x5))
[2026-04-01 15:27:29.498] [info]    : RETIRE | Cycle   3506 | PC=0x0000002c | Inst=0x00128293 (addi    x5, x5, 1)
[2026-04-01 15:27:29.498] [info]    : RETIRE | Cycle   3508 | PC=0x00000030 | Inst=0xfe62ece3 (bltu    x5, x6, -8)
[2026-04-01 15:27:29.498] [info]    : RETIRE | Cycle   3511 | PC=0x00000028 | Inst=0x00028023 (sb      x0, 0(x5))
[2026-04-01 15:27:29.498] [info]    : RETIRE | Cycle   3512 | PC=0x0000002c | Inst=0x00128293 (addi    x5, x5, 1)
[2026-04-01 15:27:29.498] [info]    : RETIRE | Cycle   3514 | PC=0x00000030 | Inst=0xfe62ece3 (bltu    x5, x6, -8)
[2026-04-01 15:27:29.498] [info]    : RETIRE | Cycle   3534 | PC=0x00000028 | Inst=0x00028023 (sb      x0, 0(x5))
[2026-04-01 15:27:29.498] [info]    : RETIRE | Cycle   3535 | PC=0x0000002c | Inst=0x00128293 (addi    x5, x5, 1)
[2026-04-01 15:27:29.498] [info]    : RETIRE | Cycle   3537 | PC=0x00000030 | Inst=0xfe62ece3 (bltu    x5, x6, -8)
[2026-04-01 15:27:29.498] [info]    : RETIRE | Cycle   3540 | PC=0x00000028 | Inst=0x00028023 (sb      x0, 0(x5))
[2026-04-01 15:27:29.498] [info]    : RETIRE | Cycle   3541 | PC=0x0000002c | Inst=0x00128293 (addi    x5, x5, 1)
[2026-04-01 15:27:29.498] [info]    : RETIRE | Cycle   3542 | PC=0x00000030 | Inst=0xfe62ece3 (bltu    x5, x6, -8)
[2026-04-01 15:27:29.498] [info]    : RETIRE | Cycle   3545 | PC=0x00000028 | Inst=0x00028023 (sb      x0, 0(x5))
[2026-04-01 15:27:29.498] [info]    : RETIRE | Cycle   3546 | PC=0x0000002c | Inst=0x00128293 (addi    x5, x5, 1)
[2026-04-01 15:27:29.498] [info]    : RETIRE | Cycle   3547 | PC=0x00000030 | Inst=0xfe62ece3 (bltu    x5, x6, -8)
[2026-04-01 15:27:29.498] [info]    : RETIRE | Cycle   3550 | PC=0x00000028 | Inst=0x00028023 (sb      x0, 0(x5))
[2026-04-01 15:27:29.498] [info]    : RETIRE | Cycle   3551 | PC=0x0000002c | Inst=0x00128293 (addi    x5, x5, 1)
[2026-04-01 15:27:29.498] [info]    : RETIRE | Cycle   3552 | PC=0x00000030 | Inst=0xfe62ece3 (bltu    x5, x6, -8)
[2026-04-01 15:27:29.498] [info]    : RETIRE | Cycle   3555 | PC=0x00000028 | Inst=0x00028023 (sb      x0, 0(x5))
[2026-04-01 15:27:29.498] [info]    : RETIRE | Cycle   3556 | PC=0x0000002c | Inst=0x00128293 (addi    x5, x5, 1)
[2026-04-01 15:27:29.498] [info]    : RETIRE | Cycle   3557 | PC=0x00000030 | Inst=0xfe62ece3 (bltu    x5, x6, -8)
[2026-04-01 15:27:29.499] [info]    : RETIRE | Cycle   3560 | PC=0x00000028 | Inst=0x00028023 (sb      x0, 0(x5))
[2026-04-01 15:27:29.499] [info]    : RETIRE | Cycle   3561 | PC=0x0000002c | Inst=0x00128293 (addi    x5, x5, 1)
[2026-04-01 15:27:29.499] [info]    : RETIRE | Cycle   3562 | PC=0x00000030 | Inst=0xfe62ece3 (bltu    x5, x6, -8)
[2026-04-01 15:27:29.499] [info]    : RETIRE | Cycle   3565 | PC=0x00000028 | Inst=0x00028023 (sb      x0, 0(x5))
[2026-04-01 15:27:29.499] [info]    : RETIRE | Cycle   3566 | PC=0x0000002c | Inst=0x00128293 (addi    x5, x5, 1)
[2026-04-01 15:27:29.499] [info]    : RETIRE | Cycle   3567 | PC=0x00000030 | Inst=0xfe62ece3 (bltu    x5, x6, -8)
[2026-04-01 15:27:29.499] [info]    : RETIRE | Cycle   3570 | PC=0x00000028 | Inst=0x00028023 (sb      x0, 0(x5))
[2026-04-01 15:27:29.499] [info]    : RETIRE | Cycle   3571 | PC=0x0000002c | Inst=0x00128293 (addi    x5, x5, 1)
[2026-04-01 15:27:29.499] [info]    : RETIRE | Cycle   3572 | PC=0x00000030 | Inst=0xfe62ece3 (bltu    x5, x6, -8)
[2026-04-01 15:27:29.499] [info]    : RETIRE | Cycle   3575 | PC=0x00000028 | Inst=0x00028023 (sb      x0, 0(x5))
[2026-04-01 15:27:29.499] [info]    : RETIRE | Cycle   3576 | PC=0x0000002c | Inst=0x00128293 (addi    x5, x5, 1)
[2026-04-01 15:27:29.499] [info]    : RETIRE | Cycle   3577 | PC=0x00000030 | Inst=0xfe62ece3 (bltu    x5, x6, -8)
[2026-04-01 15:27:29.499] [info]    : RETIRE | Cycle   3580 | PC=0x00000028 | Inst=0x00028023 (sb      x0, 0(x5))
[2026-04-01 15:27:29.499] [info]    : RETIRE | Cycle   3581 | PC=0x0000002c | Inst=0x00128293 (addi    x5, x5, 1)
[2026-04-01 15:27:29.499] [info]    : RETIRE | Cycle   3582 | PC=0x00000030 | Inst=0xfe62ece3 (bltu    x5, x6, -8)
[2026-04-01 15:27:29.499] [info]    : RETIRE | Cycle   3585 | PC=0x00000028 | Inst=0x00028023 (sb      x0, 0(x5))
[2026-04-01 15:27:29.499] [info]    : RETIRE | Cycle   3586 | PC=0x0000002c | Inst=0x00128293 (addi    x5, x5, 1)
[2026-04-01 15:27:29.499] [info]    : RETIRE | Cycle   3587 | PC=0x00000030 | Inst=0xfe62ece3 (bltu    x5, x6, -8)
[2026-04-01 15:27:29.499] [info]    : RETIRE | Cycle   3590 | PC=0x00000028 | Inst=0x00028023 (sb      x0, 0(x5))
[2026-04-01 15:27:29.499] [info]    : RETIRE | Cycle   3591 | PC=0x0000002c | Inst=0x00128293 (addi    x5, x5, 1)
[2026-04-01 15:27:29.499] [info]    : RETIRE | Cycle   3592 | PC=0x00000030 | Inst=0xfe62ece3 (bltu    x5, x6, -8)
[2026-04-01 15:27:29.499] [info]    : RETIRE | Cycle   3595 | PC=0x00000028 | Inst=0x00028023 (sb      x0, 0(x5))
[2026-04-01 15:27:29.499] [info]    : RETIRE | Cycle   3596 | PC=0x0000002c | Inst=0x00128293 (addi    x5, x5, 1)
[2026-04-01 15:27:29.499] [info]    : RETIRE | Cycle   3598 | PC=0x00000030 | Inst=0xfe62ece3 (bltu    x5, x6, -8)
[2026-04-01 15:27:29.499] [info]    : RETIRE | Cycle   3601 | PC=0x00000028 | Inst=0x00028023 (sb      x0, 0(x5))
[2026-04-01 15:27:29.499] [info]    : RETIRE | Cycle   3602 | PC=0x0000002c | Inst=0x00128293 (addi    x5, x5, 1)
[2026-04-01 15:27:29.499] [info]    : RETIRE | Cycle   3604 | PC=0x00000030 | Inst=0xfe62ece3 (bltu    x5, x6, -8)
[2026-04-01 15:27:29.499] [info]    : RETIRE | Cycle   3607 | PC=0x00000028 | Inst=0x00028023 (sb      x0, 0(x5))
[2026-04-01 15:27:29.499] [info]    : RETIRE | Cycle   3608 | PC=0x0000002c | Inst=0x00128293 (addi    x5, x5, 1)
[2026-04-01 15:27:29.499] [info]    : RETIRE | Cycle   3610 | PC=0x00000030 | Inst=0xfe62ece3 (bltu    x5, x6, -8)
[2026-04-01 15:27:29.499] [info]    : RETIRE | Cycle   3613 | PC=0x00000028 | Inst=0x00028023 (sb      x0, 0(x5))
[2026-04-01 15:27:29.499] [info]    : RETIRE | Cycle   3614 | PC=0x0000002c | Inst=0x00128293 (addi    x5, x5, 1)
[2026-04-01 15:27:29.499] [info]    : RETIRE | Cycle   3616 | PC=0x00000030 | Inst=0xfe62ece3 (bltu    x5, x6, -8)
[2026-04-01 15:27:29.499] [info]    : RETIRE | Cycle   3636 | PC=0x00000028 | Inst=0x00028023 (sb      x0, 0(x5))
[2026-04-01 15:27:29.499] [info]    : RETIRE | Cycle   3637 | PC=0x0000002c | Inst=0x00128293 (addi    x5, x5, 1)
[2026-04-01 15:27:29.499] [info]    : RETIRE | Cycle   3639 | PC=0x00000030 | Inst=0xfe62ece3 (bltu    x5, x6, -8)
[2026-04-01 15:27:29.499] [info]    : RETIRE | Cycle   3642 | PC=0x00000028 | Inst=0x00028023 (sb      x0, 0(x5))
[2026-04-01 15:27:29.499] [info]    : RETIRE | Cycle   3643 | PC=0x0000002c | Inst=0x00128293 (addi    x5, x5, 1)
[2026-04-01 15:27:29.499] [info]    : RETIRE | Cycle   3644 | PC=0x00000030 | Inst=0xfe62ece3 (bltu    x5, x6, -8)
[2026-04-01 15:27:29.499] [info]    : RETIRE | Cycle   3647 | PC=0x00000028 | Inst=0x00028023 (sb      x0, 0(x5))
[2026-04-01 15:27:29.499] [info]    : RETIRE | Cycle   3648 | PC=0x0000002c | Inst=0x00128293 (addi    x5, x5, 1)
[2026-04-01 15:27:29.499] [info]    : RETIRE | Cycle   3649 | PC=0x00000030 | Inst=0xfe62ece3 (bltu    x5, x6, -8)
[2026-04-01 15:27:29.499] [info]    : RETIRE | Cycle   3652 | PC=0x00000028 | Inst=0x00028023 (sb      x0, 0(x5))
[2026-04-01 15:27:29.499] [info]    : RETIRE | Cycle   3653 | PC=0x0000002c | Inst=0x00128293 (addi    x5, x5, 1)
[2026-04-01 15:27:29.499] [info]    : RETIRE | Cycle   3654 | PC=0x00000030 | Inst=0xfe62ece3 (bltu    x5, x6, -8)
[2026-04-01 15:27:29.499] [info]    : RETIRE | Cycle   3657 | PC=0x00000028 | Inst=0x00028023 (sb      x0, 0(x5))
[2026-04-01 15:27:29.499] [info]    : RETIRE | Cycle   3658 | PC=0x0000002c | Inst=0x00128293 (addi    x5, x5, 1)
[2026-04-01 15:27:29.499] [info]    : RETIRE | Cycle   3659 | PC=0x00000030 | Inst=0xfe62ece3 (bltu    x5, x6, -8)
[2026-04-01 15:27:29.499] [info]    : RETIRE | Cycle   3662 | PC=0x00000028 | Inst=0x00028023 (sb      x0, 0(x5))
[2026-04-01 15:27:29.499] [info]    : RETIRE | Cycle   3663 | PC=0x0000002c | Inst=0x00128293 (addi    x5, x5, 1)
[2026-04-01 15:27:29.499] [info]    : RETIRE | Cycle   3664 | PC=0x00000030 | Inst=0xfe62ece3 (bltu    x5, x6, -8)
[2026-04-01 15:27:29.499] [info]    : RETIRE | Cycle   3667 | PC=0x00000028 | Inst=0x00028023 (sb      x0, 0(x5))
[2026-04-01 15:27:29.499] [info]    : RETIRE | Cycle   3668 | PC=0x0000002c | Inst=0x00128293 (addi    x5, x5, 1)
[2026-04-01 15:27:29.499] [info]    : RETIRE | Cycle   3669 | PC=0x00000030 | Inst=0xfe62ece3 (bltu    x5, x6, -8)
[2026-04-01 15:27:29.499] [info]    : RETIRE | Cycle   3672 | PC=0x00000028 | Inst=0x00028023 (sb      x0, 0(x5))
[2026-04-01 15:27:29.499] [info]    : RETIRE | Cycle   3673 | PC=0x0000002c | Inst=0x00128293 (addi    x5, x5, 1)
[2026-04-01 15:27:29.499] [info]    : RETIRE | Cycle   3674 | PC=0x00000030 | Inst=0xfe62ece3 (bltu    x5, x6, -8)
[2026-04-01 15:27:29.499] [info]    : RETIRE | Cycle   3677 | PC=0x00000028 | Inst=0x00028023 (sb      x0, 0(x5))
[2026-04-01 15:27:29.499] [info]    : RETIRE | Cycle   3678 | PC=0x0000002c | Inst=0x00128293 (addi    x5, x5, 1)
[2026-04-01 15:27:29.499] [info]    : RETIRE | Cycle   3679 | PC=0x00000030 | Inst=0xfe62ece3 (bltu    x5, x6, -8)
[2026-04-01 15:27:29.499] [info]    : RETIRE | Cycle   3682 | PC=0x00000028 | Inst=0x00028023 (sb      x0, 0(x5))
[2026-04-01 15:27:29.499] [info]    : RETIRE | Cycle   3683 | PC=0x0000002c | Inst=0x00128293 (addi    x5, x5, 1)
[2026-04-01 15:27:29.499] [info]    : RETIRE | Cycle   3684 | PC=0x00000030 | Inst=0xfe62ece3 (bltu    x5, x6, -8)
[2026-04-01 15:27:29.499] [info]    : RETIRE | Cycle   3687 | PC=0x00000028 | Inst=0x00028023 (sb      x0, 0(x5))
[2026-04-01 15:27:29.499] [info]    : RETIRE | Cycle   3688 | PC=0x0000002c | Inst=0x00128293 (addi    x5, x5, 1)
[2026-04-01 15:27:29.499] [info]    : RETIRE | Cycle   3689 | PC=0x00000030 | Inst=0xfe62ece3 (bltu    x5, x6, -8)
[2026-04-01 15:27:29.499] [info]    : RETIRE | Cycle   3692 | PC=0x00000028 | Inst=0x00028023 (sb      x0, 0(x5))
[2026-04-01 15:27:29.499] [info]    : RETIRE | Cycle   3693 | PC=0x0000002c | Inst=0x00128293 (addi    x5, x5, 1)
[2026-04-01 15:27:29.499] [info]    : RETIRE | Cycle   3694 | PC=0x00000030 | Inst=0xfe62ece3 (bltu    x5, x6, -8)
[2026-04-01 15:27:29.499] [info]    : RETIRE | Cycle   3697 | PC=0x00000028 | Inst=0x00028023 (sb      x0, 0(x5))
[2026-04-01 15:27:29.499] [info]    : RETIRE | Cycle   3698 | PC=0x0000002c | Inst=0x00128293 (addi    x5, x5, 1)
[2026-04-01 15:27:29.499] [info]    : RETIRE | Cycle   3700 | PC=0x00000030 | Inst=0xfe62ece3 (bltu    x5, x6, -8)
[2026-04-01 15:27:29.499] [info]    : RETIRE | Cycle   3703 | PC=0x00000028 | Inst=0x00028023 (sb      x0, 0(x5))
[2026-04-01 15:27:29.500] [info]    : RETIRE | Cycle   3704 | PC=0x0000002c | Inst=0x00128293 (addi    x5, x5, 1)
[2026-04-01 15:27:29.500] [info]    : RETIRE | Cycle   3706 | PC=0x00000030 | Inst=0xfe62ece3 (bltu    x5, x6, -8)
[2026-04-01 15:27:29.500] [info]    : RETIRE | Cycle   3709 | PC=0x00000028 | Inst=0x00028023 (sb      x0, 0(x5))
[2026-04-01 15:27:29.500] [info]    : RETIRE | Cycle   3710 | PC=0x0000002c | Inst=0x00128293 (addi    x5, x5, 1)
[2026-04-01 15:27:29.500] [info]    : RETIRE | Cycle   3712 | PC=0x00000030 | Inst=0xfe62ece3 (bltu    x5, x6, -8)
[2026-04-01 15:27:29.500] [info]    : RETIRE | Cycle   3715 | PC=0x00000028 | Inst=0x00028023 (sb      x0, 0(x5))
[2026-04-01 15:27:29.500] [info]    : RETIRE | Cycle   3716 | PC=0x0000002c | Inst=0x00128293 (addi    x5, x5, 1)
[2026-04-01 15:27:29.500] [info]    : RETIRE | Cycle   3718 | PC=0x00000030 | Inst=0xfe62ece3 (bltu    x5, x6, -8)
[2026-04-01 15:27:29.500] [info]    : RETIRE | Cycle   3738 | PC=0x00000028 | Inst=0x00028023 (sb      x0, 0(x5))
[2026-04-01 15:27:29.500] [info]    : RETIRE | Cycle   3739 | PC=0x0000002c | Inst=0x00128293 (addi    x5, x5, 1)
[2026-04-01 15:27:29.500] [info]    : RETIRE | Cycle   3741 | PC=0x00000030 | Inst=0xfe62ece3 (bltu    x5, x6, -8)
[2026-04-01 15:27:29.500] [info]    : RETIRE | Cycle   3744 | PC=0x00000028 | Inst=0x00028023 (sb      x0, 0(x5))
[2026-04-01 15:27:29.500] [info]    : RETIRE | Cycle   3745 | PC=0x0000002c | Inst=0x00128293 (addi    x5, x5, 1)
[2026-04-01 15:27:29.500] [info]    : RETIRE | Cycle   3746 | PC=0x00000030 | Inst=0xfe62ece3 (bltu    x5, x6, -8)
[2026-04-01 15:27:29.500] [info]    : RETIRE | Cycle   3749 | PC=0x00000028 | Inst=0x00028023 (sb      x0, 0(x5))
[2026-04-01 15:27:29.500] [info]    : RETIRE | Cycle   3750 | PC=0x0000002c | Inst=0x00128293 (addi    x5, x5, 1)
[2026-04-01 15:27:29.500] [info]    : RETIRE | Cycle   3751 | PC=0x00000030 | Inst=0xfe62ece3 (bltu    x5, x6, -8)
[2026-04-01 15:27:29.500] [info]    : RETIRE | Cycle   3754 | PC=0x00000028 | Inst=0x00028023 (sb      x0, 0(x5))
[2026-04-01 15:27:29.500] [info]    : RETIRE | Cycle   3755 | PC=0x0000002c | Inst=0x00128293 (addi    x5, x5, 1)
[2026-04-01 15:27:29.500] [info]    : RETIRE | Cycle   3756 | PC=0x00000030 | Inst=0xfe62ece3 (bltu    x5, x6, -8)
[2026-04-01 15:27:29.500] [info]    : RETIRE | Cycle   3759 | PC=0x00000028 | Inst=0x00028023 (sb      x0, 0(x5))
[2026-04-01 15:27:29.500] [info]    : RETIRE | Cycle   3760 | PC=0x0000002c | Inst=0x00128293 (addi    x5, x5, 1)
[2026-04-01 15:27:29.500] [info]    : RETIRE | Cycle   3761 | PC=0x00000030 | Inst=0xfe62ece3 (bltu    x5, x6, -8)
[2026-04-01 15:27:29.500] [info]    : RETIRE | Cycle   3764 | PC=0x00000028 | Inst=0x00028023 (sb      x0, 0(x5))
[2026-04-01 15:27:29.500] [info]    : RETIRE | Cycle   3765 | PC=0x0000002c | Inst=0x00128293 (addi    x5, x5, 1)
[2026-04-01 15:27:29.500] [info]    : RETIRE | Cycle   3766 | PC=0x00000030 | Inst=0xfe62ece3 (bltu    x5, x6, -8)
[2026-04-01 15:27:29.500] [info]    : RETIRE | Cycle   3769 | PC=0x00000028 | Inst=0x00028023 (sb      x0, 0(x5))
[2026-04-01 15:27:29.500] [info]    : RETIRE | Cycle   3770 | PC=0x0000002c | Inst=0x00128293 (addi    x5, x5, 1)
[2026-04-01 15:27:29.500] [info]    : RETIRE | Cycle   3771 | PC=0x00000030 | Inst=0xfe62ece3 (bltu    x5, x6, -8)
[2026-04-01 15:27:29.500] [info]    : RETIRE | Cycle   3774 | PC=0x00000028 | Inst=0x00028023 (sb      x0, 0(x5))
[2026-04-01 15:27:29.500] [info]    : RETIRE | Cycle   3775 | PC=0x0000002c | Inst=0x00128293 (addi    x5, x5, 1)
[2026-04-01 15:27:29.500] [info]    : RETIRE | Cycle   3776 | PC=0x00000030 | Inst=0xfe62ece3 (bltu    x5, x6, -8)
[2026-04-01 15:27:29.500] [info]    : RETIRE | Cycle   3779 | PC=0x00000028 | Inst=0x00028023 (sb      x0, 0(x5))
[2026-04-01 15:27:29.500] [info]    : RETIRE | Cycle   3780 | PC=0x0000002c | Inst=0x00128293 (addi    x5, x5, 1)
[2026-04-01 15:27:29.500] [info]    : RETIRE | Cycle   3781 | PC=0x00000030 | Inst=0xfe62ece3 (bltu    x5, x6, -8)
[2026-04-01 15:27:29.500] [info]    : RETIRE | Cycle   3784 | PC=0x00000028 | Inst=0x00028023 (sb      x0, 0(x5))
[2026-04-01 15:27:29.500] [info]    : RETIRE | Cycle   3785 | PC=0x0000002c | Inst=0x00128293 (addi    x5, x5, 1)
[2026-04-01 15:27:29.500] [info]    : RETIRE | Cycle   3786 | PC=0x00000030 | Inst=0xfe62ece3 (bltu    x5, x6, -8)
[2026-04-01 15:27:29.500] [info]    : RETIRE | Cycle   3789 | PC=0x00000028 | Inst=0x00028023 (sb      x0, 0(x5))
[2026-04-01 15:27:29.500] [info]    : RETIRE | Cycle   3790 | PC=0x0000002c | Inst=0x00128293 (addi    x5, x5, 1)
[2026-04-01 15:27:29.500] [info]    : RETIRE | Cycle   3791 | PC=0x00000030 | Inst=0xfe62ece3 (bltu    x5, x6, -8)
[2026-04-01 15:27:29.500] [info]    : RETIRE | Cycle   3794 | PC=0x00000028 | Inst=0x00028023 (sb      x0, 0(x5))
[2026-04-01 15:27:29.500] [info]    : RETIRE | Cycle   3795 | PC=0x0000002c | Inst=0x00128293 (addi    x5, x5, 1)
[2026-04-01 15:27:29.500] [info]    : RETIRE | Cycle   3796 | PC=0x00000030 | Inst=0xfe62ece3 (bltu    x5, x6, -8)
[2026-04-01 15:27:29.500] [info]    : RETIRE | Cycle   3799 | PC=0x00000028 | Inst=0x00028023 (sb      x0, 0(x5))
[2026-04-01 15:27:29.500] [info]    : RETIRE | Cycle   3800 | PC=0x0000002c | Inst=0x00128293 (addi    x5, x5, 1)
[2026-04-01 15:27:29.500] [info]    : RETIRE | Cycle   3802 | PC=0x00000030 | Inst=0xfe62ece3 (bltu    x5, x6, -8)
[2026-04-01 15:27:29.500] [info]    : RETIRE | Cycle   3805 | PC=0x00000028 | Inst=0x00028023 (sb      x0, 0(x5))
[2026-04-01 15:27:29.500] [info]    : RETIRE | Cycle   3806 | PC=0x0000002c | Inst=0x00128293 (addi    x5, x5, 1)
[2026-04-01 15:27:29.500] [info]    : RETIRE | Cycle   3808 | PC=0x00000030 | Inst=0xfe62ece3 (bltu    x5, x6, -8)
[2026-04-01 15:27:29.500] [info]    : RETIRE | Cycle   3811 | PC=0x00000028 | Inst=0x00028023 (sb      x0, 0(x5))
[2026-04-01 15:27:29.500] [info]    : RETIRE | Cycle   3812 | PC=0x0000002c | Inst=0x00128293 (addi    x5, x5, 1)
[2026-04-01 15:27:29.500] [info]    : RETIRE | Cycle   3814 | PC=0x00000030 | Inst=0xfe62ece3 (bltu    x5, x6, -8)
[2026-04-01 15:27:29.500] [info]    : RETIRE | Cycle   3817 | PC=0x00000028 | Inst=0x00028023 (sb      x0, 0(x5))
[2026-04-01 15:27:29.500] [info]    : RETIRE | Cycle   3818 | PC=0x0000002c | Inst=0x00128293 (addi    x5, x5, 1)
[2026-04-01 15:27:29.500] [info]    : RETIRE | Cycle   3820 | PC=0x00000030 | Inst=0xfe62ece3 (bltu    x5, x6, -8)
[2026-04-01 15:27:29.500] [info]    : RETIRE | Cycle   3840 | PC=0x00000028 | Inst=0x00028023 (sb      x0, 0(x5))
[2026-04-01 15:27:29.500] [info]    : RETIRE | Cycle   3841 | PC=0x0000002c | Inst=0x00128293 (addi    x5, x5, 1)
[2026-04-01 15:27:29.500] [info]    : RETIRE | Cycle   3843 | PC=0x00000030 | Inst=0xfe62ece3 (bltu    x5, x6, -8)
[2026-04-01 15:27:29.500] [info]    : RETIRE | Cycle   3846 | PC=0x00000028 | Inst=0x00028023 (sb      x0, 0(x5))
[2026-04-01 15:27:29.500] [info]    : RETIRE | Cycle   3847 | PC=0x0000002c | Inst=0x00128293 (addi    x5, x5, 1)
[2026-04-01 15:27:29.500] [info]    : RETIRE | Cycle   3848 | PC=0x00000030 | Inst=0xfe62ece3 (bltu    x5, x6, -8)
[2026-04-01 15:27:29.500] [info]    : RETIRE | Cycle   3851 | PC=0x00000028 | Inst=0x00028023 (sb      x0, 0(x5))
[2026-04-01 15:27:29.500] [info]    : RETIRE | Cycle   3852 | PC=0x0000002c | Inst=0x00128293 (addi    x5, x5, 1)
[2026-04-01 15:27:29.500] [info]    : RETIRE | Cycle   3853 | PC=0x00000030 | Inst=0xfe62ece3 (bltu    x5, x6, -8)
[2026-04-01 15:27:29.501] [info]    : RETIRE | Cycle   3856 | PC=0x00000028 | Inst=0x00028023 (sb      x0, 0(x5))
[2026-04-01 15:27:29.501] [info]    : RETIRE | Cycle   3857 | PC=0x0000002c | Inst=0x00128293 (addi    x5, x5, 1)
[2026-04-01 15:27:29.501] [info]    : RETIRE | Cycle   3858 | PC=0x00000030 | Inst=0xfe62ece3 (bltu    x5, x6, -8)
[2026-04-01 15:27:29.501] [info]    : RETIRE | Cycle   3861 | PC=0x00000028 | Inst=0x00028023 (sb      x0, 0(x5))
[2026-04-01 15:27:29.501] [info]    : RETIRE | Cycle   3862 | PC=0x0000002c | Inst=0x00128293 (addi    x5, x5, 1)
[2026-04-01 15:27:29.501] [info]    : RETIRE | Cycle   3863 | PC=0x00000030 | Inst=0xfe62ece3 (bltu    x5, x6, -8)
[2026-04-01 15:27:29.501] [info]    : RETIRE | Cycle   3866 | PC=0x00000028 | Inst=0x00028023 (sb      x0, 0(x5))
[2026-04-01 15:27:29.501] [info]    : RETIRE | Cycle   3867 | PC=0x0000002c | Inst=0x00128293 (addi    x5, x5, 1)
[2026-04-01 15:27:29.501] [info]    : RETIRE | Cycle   3868 | PC=0x00000030 | Inst=0xfe62ece3 (bltu    x5, x6, -8)
[2026-04-01 15:27:29.501] [info]    : RETIRE | Cycle   3871 | PC=0x00000028 | Inst=0x00028023 (sb      x0, 0(x5))
[2026-04-01 15:27:29.501] [info]    : RETIRE | Cycle   3872 | PC=0x0000002c | Inst=0x00128293 (addi    x5, x5, 1)
[2026-04-01 15:27:29.501] [info]    : RETIRE | Cycle   3873 | PC=0x00000030 | Inst=0xfe62ece3 (bltu    x5, x6, -8)
[2026-04-01 15:27:29.501] [info]    : RETIRE | Cycle   3876 | PC=0x00000028 | Inst=0x00028023 (sb      x0, 0(x5))
[2026-04-01 15:27:29.501] [info]    : RETIRE | Cycle   3877 | PC=0x0000002c | Inst=0x00128293 (addi    x5, x5, 1)
[2026-04-01 15:27:29.501] [info]    : RETIRE | Cycle   3878 | PC=0x00000030 | Inst=0xfe62ece3 (bltu    x5, x6, -8)
[2026-04-01 15:27:29.501] [info]    : RETIRE | Cycle   3881 | PC=0x00000028 | Inst=0x00028023 (sb      x0, 0(x5))
[2026-04-01 15:27:29.501] [info]    : RETIRE | Cycle   3882 | PC=0x0000002c | Inst=0x00128293 (addi    x5, x5, 1)
[2026-04-01 15:27:29.501] [info]    : RETIRE | Cycle   3883 | PC=0x00000030 | Inst=0xfe62ece3 (bltu    x5, x6, -8)
[2026-04-01 15:27:29.501] [info]    : RETIRE | Cycle   3886 | PC=0x00000028 | Inst=0x00028023 (sb      x0, 0(x5))
[2026-04-01 15:27:29.501] [info]    : RETIRE | Cycle   3887 | PC=0x0000002c | Inst=0x00128293 (addi    x5, x5, 1)
[2026-04-01 15:27:29.501] [info]    : RETIRE | Cycle   3888 | PC=0x00000030 | Inst=0xfe62ece3 (bltu    x5, x6, -8)
[2026-04-01 15:27:29.501] [info]    : RETIRE | Cycle   3891 | PC=0x00000028 | Inst=0x00028023 (sb      x0, 0(x5))
[2026-04-01 15:27:29.501] [info]    : RETIRE | Cycle   3892 | PC=0x0000002c | Inst=0x00128293 (addi    x5, x5, 1)
[2026-04-01 15:27:29.501] [info]    : RETIRE | Cycle   3893 | PC=0x00000030 | Inst=0xfe62ece3 (bltu    x5, x6, -8)
[2026-04-01 15:27:29.501] [info]    : RETIRE | Cycle   3896 | PC=0x00000028 | Inst=0x00028023 (sb      x0, 0(x5))
[2026-04-01 15:27:29.501] [info]    : RETIRE | Cycle   3897 | PC=0x0000002c | Inst=0x00128293 (addi    x5, x5, 1)
[2026-04-01 15:27:29.501] [info]    : RETIRE | Cycle   3898 | PC=0x00000030 | Inst=0xfe62ece3 (bltu    x5, x6, -8)
[2026-04-01 15:27:29.501] [info]    : RETIRE | Cycle   3901 | PC=0x00000028 | Inst=0x00028023 (sb      x0, 0(x5))
[2026-04-01 15:27:29.501] [info]    : RETIRE | Cycle   3902 | PC=0x0000002c | Inst=0x00128293 (addi    x5, x5, 1)
[2026-04-01 15:27:29.501] [info]    : RETIRE | Cycle   3904 | PC=0x00000030 | Inst=0xfe62ece3 (bltu    x5, x6, -8)
[2026-04-01 15:27:29.501] [info]    : RETIRE | Cycle   3907 | PC=0x00000028 | Inst=0x00028023 (sb      x0, 0(x5))
[2026-04-01 15:27:29.501] [info]    : RETIRE | Cycle   3908 | PC=0x0000002c | Inst=0x00128293 (addi    x5, x5, 1)
[2026-04-01 15:27:29.501] [info]    : RETIRE | Cycle   3910 | PC=0x00000030 | Inst=0xfe62ece3 (bltu    x5, x6, -8)
[2026-04-01 15:27:29.501] [info]    : RETIRE | Cycle   3913 | PC=0x00000028 | Inst=0x00028023 (sb      x0, 0(x5))
[2026-04-01 15:27:29.501] [info]    : RETIRE | Cycle   3914 | PC=0x0000002c | Inst=0x00128293 (addi    x5, x5, 1)
[2026-04-01 15:27:29.501] [info]    : RETIRE | Cycle   3916 | PC=0x00000030 | Inst=0xfe62ece3 (bltu    x5, x6, -8)
[2026-04-01 15:27:29.501] [info]    : RETIRE | Cycle   3919 | PC=0x00000028 | Inst=0x00028023 (sb      x0, 0(x5))
[2026-04-01 15:27:29.501] [info]    : RETIRE | Cycle   3920 | PC=0x0000002c | Inst=0x00128293 (addi    x5, x5, 1)
[2026-04-01 15:27:29.501] [info]    : RETIRE | Cycle   3922 | PC=0x00000030 | Inst=0xfe62ece3 (bltu    x5, x6, -8)
[2026-04-01 15:27:29.501] [info]    : RETIRE | Cycle   3942 | PC=0x00000028 | Inst=0x00028023 (sb      x0, 0(x5))
[2026-04-01 15:27:29.501] [info]    : RETIRE | Cycle   3943 | PC=0x0000002c | Inst=0x00128293 (addi    x5, x5, 1)
[2026-04-01 15:27:29.501] [info]    : RETIRE | Cycle   3945 | PC=0x00000030 | Inst=0xfe62ece3 (bltu    x5, x6, -8)
[2026-04-01 15:27:29.501] [info]    : RETIRE | Cycle   3948 | PC=0x00000028 | Inst=0x00028023 (sb      x0, 0(x5))
[2026-04-01 15:27:29.501] [info]    : RETIRE | Cycle   3949 | PC=0x0000002c | Inst=0x00128293 (addi    x5, x5, 1)
[2026-04-01 15:27:29.501] [info]    : RETIRE | Cycle   3950 | PC=0x00000030 | Inst=0xfe62ece3 (bltu    x5, x6, -8)
[2026-04-01 15:27:29.501] [info]    : RETIRE | Cycle   3953 | PC=0x00000028 | Inst=0x00028023 (sb      x0, 0(x5))
[2026-04-01 15:27:29.501] [info]    : RETIRE | Cycle   3954 | PC=0x0000002c | Inst=0x00128293 (addi    x5, x5, 1)
[2026-04-01 15:27:29.501] [info]    : RETIRE | Cycle   3955 | PC=0x00000030 | Inst=0xfe62ece3 (bltu    x5, x6, -8)
[2026-04-01 15:27:29.501] [info]    : RETIRE | Cycle   3958 | PC=0x00000028 | Inst=0x00028023 (sb      x0, 0(x5))
[2026-04-01 15:27:29.501] [info]    : RETIRE | Cycle   3959 | PC=0x0000002c | Inst=0x00128293 (addi    x5, x5, 1)
[2026-04-01 15:27:29.501] [info]    : RETIRE | Cycle   3960 | PC=0x00000030 | Inst=0xfe62ece3 (bltu    x5, x6, -8)
[2026-04-01 15:27:29.501] [info]    : RETIRE | Cycle   3963 | PC=0x00000028 | Inst=0x00028023 (sb      x0, 0(x5))
[2026-04-01 15:27:29.501] [info]    : RETIRE | Cycle   3964 | PC=0x0000002c | Inst=0x00128293 (addi    x5, x5, 1)
[2026-04-01 15:27:29.501] [info]    : RETIRE | Cycle   3965 | PC=0x00000030 | Inst=0xfe62ece3 (bltu    x5, x6, -8)
[2026-04-01 15:27:29.501] [info]    : RETIRE | Cycle   3968 | PC=0x00000028 | Inst=0x00028023 (sb      x0, 0(x5))
[2026-04-01 15:27:29.501] [info]    : RETIRE | Cycle   3969 | PC=0x0000002c | Inst=0x00128293 (addi    x5, x5, 1)
[2026-04-01 15:27:29.501] [info]    : RETIRE | Cycle   3970 | PC=0x00000030 | Inst=0xfe62ece3 (bltu    x5, x6, -8)
[2026-04-01 15:27:29.501] [info]    : RETIRE | Cycle   3973 | PC=0x00000028 | Inst=0x00028023 (sb      x0, 0(x5))
[2026-04-01 15:27:29.501] [info]    : RETIRE | Cycle   3974 | PC=0x0000002c | Inst=0x00128293 (addi    x5, x5, 1)
[2026-04-01 15:27:29.501] [info]    : RETIRE | Cycle   3975 | PC=0x00000030 | Inst=0xfe62ece3 (bltu    x5, x6, -8)
[2026-04-01 15:27:29.501] [info]    : RETIRE | Cycle   3978 | PC=0x00000028 | Inst=0x00028023 (sb      x0, 0(x5))
[2026-04-01 15:27:29.501] [info]    : RETIRE | Cycle   3979 | PC=0x0000002c | Inst=0x00128293 (addi    x5, x5, 1)
[2026-04-01 15:27:29.501] [info]    : RETIRE | Cycle   3980 | PC=0x00000030 | Inst=0xfe62ece3 (bltu    x5, x6, -8)
[2026-04-01 15:27:29.501] [info]    : RETIRE | Cycle   3983 | PC=0x00000028 | Inst=0x00028023 (sb      x0, 0(x5))
[2026-04-01 15:27:29.501] [info]    : RETIRE | Cycle   3984 | PC=0x0000002c | Inst=0x00128293 (addi    x5, x5, 1)
[2026-04-01 15:27:29.501] [info]    : RETIRE | Cycle   3985 | PC=0x00000030 | Inst=0xfe62ece3 (bltu    x5, x6, -8)
[2026-04-01 15:27:29.501] [info]    : RETIRE | Cycle   3988 | PC=0x00000028 | Inst=0x00028023 (sb      x0, 0(x5))
[2026-04-01 15:27:29.501] [info]    : RETIRE | Cycle   3989 | PC=0x0000002c | Inst=0x00128293 (addi    x5, x5, 1)
[2026-04-01 15:27:29.501] [info]    : RETIRE | Cycle   3990 | PC=0x00000030 | Inst=0xfe62ece3 (bltu    x5, x6, -8)
[2026-04-01 15:27:29.501] [info]    : RETIRE | Cycle   3993 | PC=0x00000028 | Inst=0x00028023 (sb      x0, 0(x5))
[2026-04-01 15:27:29.501] [info]    : RETIRE | Cycle   3994 | PC=0x0000002c | Inst=0x00128293 (addi    x5, x5, 1)
[2026-04-01 15:27:29.501] [info]    : RETIRE | Cycle   3995 | PC=0x00000030 | Inst=0xfe62ece3 (bltu    x5, x6, -8)
[2026-04-01 15:27:29.501] [info]    : RETIRE | Cycle   3998 | PC=0x00000028 | Inst=0x00028023 (sb      x0, 0(x5))
[2026-04-01 15:27:29.501] [info]    : RETIRE | Cycle   3999 | PC=0x0000002c | Inst=0x00128293 (addi    x5, x5, 1)
[2026-04-01 15:27:29.501] [info]    : RETIRE | Cycle   4000 | PC=0x00000030 | Inst=0xfe62ece3 (bltu    x5, x6, -8)
[2026-04-01 15:27:29.501] [info]    : RETIRE | Cycle   4003 | PC=0x00000028 | Inst=0x00028023 (sb      x0, 0(x5))
[2026-04-01 15:27:29.501] [info]    : RETIRE | Cycle   4004 | PC=0x0000002c | Inst=0x00128293 (addi    x5, x5, 1)
[2026-04-01 15:27:29.501] [info]    : RETIRE | Cycle   4006 | PC=0x00000030 | Inst=0xfe62ece3 (bltu    x5, x6, -8)
[2026-04-01 15:27:29.501] [info]    : RETIRE | Cycle   4009 | PC=0x00000028 | Inst=0x00028023 (sb      x0, 0(x5))
[2026-04-01 15:27:29.501] [info]    : RETIRE | Cycle   4010 | PC=0x0000002c | Inst=0x00128293 (addi    x5, x5, 1)
[2026-04-01 15:27:29.501] [info]    : RETIRE | Cycle   4012 | PC=0x00000030 | Inst=0xfe62ece3 (bltu    x5, x6, -8)
[2026-04-01 15:27:29.501] [info]    : RETIRE | Cycle   4015 | PC=0x00000028 | Inst=0x00028023 (sb      x0, 0(x5))
[2026-04-01 15:27:29.501] [info]    : RETIRE | Cycle   4016 | PC=0x0000002c | Inst=0x00128293 (addi    x5, x5, 1)
[2026-04-01 15:27:29.501] [info]    : RETIRE | Cycle   4018 | PC=0x00000030 | Inst=0xfe62ece3 (bltu    x5, x6, -8)
[2026-04-01 15:27:29.502] [info]    : RETIRE | Cycle   4021 | PC=0x00000028 | Inst=0x00028023 (sb      x0, 0(x5))
[2026-04-01 15:27:29.502] [info]    : RETIRE | Cycle   4022 | PC=0x0000002c | Inst=0x00128293 (addi    x5, x5, 1)
[2026-04-01 15:27:29.502] [info]    : RETIRE | Cycle   4024 | PC=0x00000030 | Inst=0xfe62ece3 (bltu    x5, x6, -8)
[2026-04-01 15:27:29.502] [info]    : RETIRE | Cycle   4044 | PC=0x00000028 | Inst=0x00028023 (sb      x0, 0(x5))
[2026-04-01 15:27:29.502] [info]    : RETIRE | Cycle   4045 | PC=0x0000002c | Inst=0x00128293 (addi    x5, x5, 1)
[2026-04-01 15:27:29.502] [info]    : RETIRE | Cycle   4047 | PC=0x00000030 | Inst=0xfe62ece3 (bltu    x5, x6, -8)
[2026-04-01 15:27:29.502] [info]    : RETIRE | Cycle   4050 | PC=0x00000028 | Inst=0x00028023 (sb      x0, 0(x5))
[2026-04-01 15:27:29.502] [info]    : RETIRE | Cycle   4051 | PC=0x0000002c | Inst=0x00128293 (addi    x5, x5, 1)
[2026-04-01 15:27:29.502] [info]    : RETIRE | Cycle   4052 | PC=0x00000030 | Inst=0xfe62ece3 (bltu    x5, x6, -8)
[2026-04-01 15:27:29.502] [info]    : RETIRE | Cycle   4055 | PC=0x00000028 | Inst=0x00028023 (sb      x0, 0(x5))
[2026-04-01 15:27:29.502] [info]    : RETIRE | Cycle   4056 | PC=0x0000002c | Inst=0x00128293 (addi    x5, x5, 1)
[2026-04-01 15:27:29.502] [info]    : RETIRE | Cycle   4057 | PC=0x00000030 | Inst=0xfe62ece3 (bltu    x5, x6, -8)
[2026-04-01 15:27:29.502] [info]    : RETIRE | Cycle   4060 | PC=0x00000028 | Inst=0x00028023 (sb      x0, 0(x5))
[2026-04-01 15:27:29.502] [info]    : RETIRE | Cycle   4061 | PC=0x0000002c | Inst=0x00128293 (addi    x5, x5, 1)
[2026-04-01 15:27:29.502] [info]    : RETIRE | Cycle   4062 | PC=0x00000030 | Inst=0xfe62ece3 (bltu    x5, x6, -8)
[2026-04-01 15:27:29.502] [info]    : RETIRE | Cycle   4065 | PC=0x00000028 | Inst=0x00028023 (sb      x0, 0(x5))
[2026-04-01 15:27:29.502] [info]    : RETIRE | Cycle   4066 | PC=0x0000002c | Inst=0x00128293 (addi    x5, x5, 1)
[2026-04-01 15:27:29.502] [info]    : RETIRE | Cycle   4067 | PC=0x00000030 | Inst=0xfe62ece3 (bltu    x5, x6, -8)
[2026-04-01 15:27:29.502] [info]    : RETIRE | Cycle   4070 | PC=0x00000028 | Inst=0x00028023 (sb      x0, 0(x5))
[2026-04-01 15:27:29.502] [info]    : RETIRE | Cycle   4071 | PC=0x0000002c | Inst=0x00128293 (addi    x5, x5, 1)
[2026-04-01 15:27:29.502] [info]    : RETIRE | Cycle   4072 | PC=0x00000030 | Inst=0xfe62ece3 (bltu    x5, x6, -8)
[2026-04-01 15:27:29.502] [info]    : RETIRE | Cycle   4075 | PC=0x00000028 | Inst=0x00028023 (sb      x0, 0(x5))
[2026-04-01 15:27:29.502] [info]    : RETIRE | Cycle   4076 | PC=0x0000002c | Inst=0x00128293 (addi    x5, x5, 1)
[2026-04-01 15:27:29.502] [info]    : RETIRE | Cycle   4077 | PC=0x00000030 | Inst=0xfe62ece3 (bltu    x5, x6, -8)
[2026-04-01 15:27:29.502] [info]    : RETIRE | Cycle   4080 | PC=0x00000028 | Inst=0x00028023 (sb      x0, 0(x5))
[2026-04-01 15:27:29.502] [info]    : RETIRE | Cycle   4081 | PC=0x0000002c | Inst=0x00128293 (addi    x5, x5, 1)
[2026-04-01 15:27:29.502] [info]    : RETIRE | Cycle   4082 | PC=0x00000030 | Inst=0xfe62ece3 (bltu    x5, x6, -8)
[2026-04-01 15:27:29.502] [info]    : RETIRE | Cycle   4085 | PC=0x00000028 | Inst=0x00028023 (sb      x0, 0(x5))
[2026-04-01 15:27:29.502] [info]    : RETIRE | Cycle   4086 | PC=0x0000002c | Inst=0x00128293 (addi    x5, x5, 1)
[2026-04-01 15:27:29.502] [info]    : RETIRE | Cycle   4087 | PC=0x00000030 | Inst=0xfe62ece3 (bltu    x5, x6, -8)
[2026-04-01 15:27:29.502] [info]    : RETIRE | Cycle   4090 | PC=0x00000028 | Inst=0x00028023 (sb      x0, 0(x5))
[2026-04-01 15:27:29.502] [info]    : RETIRE | Cycle   4091 | PC=0x0000002c | Inst=0x00128293 (addi    x5, x5, 1)
[2026-04-01 15:27:29.502] [info]    : RETIRE | Cycle   4092 | PC=0x00000030 | Inst=0xfe62ece3 (bltu    x5, x6, -8)
[2026-04-01 15:27:29.502] [info]    : RETIRE | Cycle   4095 | PC=0x00000028 | Inst=0x00028023 (sb      x0, 0(x5))
[2026-04-01 15:27:29.502] [info]    : RETIRE | Cycle   4096 | PC=0x0000002c | Inst=0x00128293 (addi    x5, x5, 1)
[2026-04-01 15:27:29.502] [info]    : RETIRE | Cycle   4097 | PC=0x00000030 | Inst=0xfe62ece3 (bltu    x5, x6, -8)
[2026-04-01 15:27:29.502] [info]    : RETIRE | Cycle   4100 | PC=0x00000028 | Inst=0x00028023 (sb      x0, 0(x5))
[2026-04-01 15:27:29.502] [info]    : RETIRE | Cycle   4101 | PC=0x0000002c | Inst=0x00128293 (addi    x5, x5, 1)
[2026-04-01 15:27:29.502] [info]    : RETIRE | Cycle   4102 | PC=0x00000030 | Inst=0xfe62ece3 (bltu    x5, x6, -8)
[2026-04-01 15:27:29.502] [info]    : RETIRE | Cycle   4105 | PC=0x00000028 | Inst=0x00028023 (sb      x0, 0(x5))
[2026-04-01 15:27:29.502] [info]    : RETIRE | Cycle   4106 | PC=0x0000002c | Inst=0x00128293 (addi    x5, x5, 1)
[2026-04-01 15:27:29.502] [info]    : RETIRE | Cycle   4108 | PC=0x00000030 | Inst=0xfe62ece3 (bltu    x5, x6, -8)
[2026-04-01 15:27:29.502] [info]    : RETIRE | Cycle   4111 | PC=0x00000028 | Inst=0x00028023 (sb      x0, 0(x5))
[2026-04-01 15:27:29.502] [info]    : RETIRE | Cycle   4112 | PC=0x0000002c | Inst=0x00128293 (addi    x5, x5, 1)
[2026-04-01 15:27:29.502] [info]    : RETIRE | Cycle   4114 | PC=0x00000030 | Inst=0xfe62ece3 (bltu    x5, x6, -8)
[2026-04-01 15:27:29.502] [info]    : RETIRE | Cycle   4117 | PC=0x00000028 | Inst=0x00028023 (sb      x0, 0(x5))
[2026-04-01 15:27:29.502] [info]    : RETIRE | Cycle   4118 | PC=0x0000002c | Inst=0x00128293 (addi    x5, x5, 1)
[2026-04-01 15:27:29.502] [info]    : RETIRE | Cycle   4120 | PC=0x00000030 | Inst=0xfe62ece3 (bltu    x5, x6, -8)
[2026-04-01 15:27:29.502] [info]    : RETIRE | Cycle   4123 | PC=0x00000028 | Inst=0x00028023 (sb      x0, 0(x5))
[2026-04-01 15:27:29.502] [info]    : RETIRE | Cycle   4124 | PC=0x0000002c | Inst=0x00128293 (addi    x5, x5, 1)
[2026-04-01 15:27:29.502] [info]    : RETIRE | Cycle   4126 | PC=0x00000030 | Inst=0xfe62ece3 (bltu    x5, x6, -8)
[2026-04-01 15:27:29.502] [info]    : RETIRE | Cycle   4146 | PC=0x00000028 | Inst=0x00028023 (sb      x0, 0(x5))
[2026-04-01 15:27:29.502] [info]    : RETIRE | Cycle   4147 | PC=0x0000002c | Inst=0x00128293 (addi    x5, x5, 1)
[2026-04-01 15:27:29.502] [info]    : RETIRE | Cycle   4149 | PC=0x00000030 | Inst=0xfe62ece3 (bltu    x5, x6, -8)
[2026-04-01 15:27:29.502] [info]    : RETIRE | Cycle   4152 | PC=0x00000028 | Inst=0x00028023 (sb      x0, 0(x5))
[2026-04-01 15:27:29.502] [info]    : RETIRE | Cycle   4153 | PC=0x0000002c | Inst=0x00128293 (addi    x5, x5, 1)
[2026-04-01 15:27:29.502] [info]    : RETIRE | Cycle   4154 | PC=0x00000030 | Inst=0xfe62ece3 (bltu    x5, x6, -8)
[2026-04-01 15:27:29.502] [info]    : RETIRE | Cycle   4157 | PC=0x00000028 | Inst=0x00028023 (sb      x0, 0(x5))
[2026-04-01 15:27:29.502] [info]    : RETIRE | Cycle   4158 | PC=0x0000002c | Inst=0x00128293 (addi    x5, x5, 1)
[2026-04-01 15:27:29.502] [info]    : RETIRE | Cycle   4159 | PC=0x00000030 | Inst=0xfe62ece3 (bltu    x5, x6, -8)
[2026-04-01 15:27:29.502] [info]    : RETIRE | Cycle   4162 | PC=0x00000028 | Inst=0x00028023 (sb      x0, 0(x5))
[2026-04-01 15:27:29.502] [info]    : RETIRE | Cycle   4163 | PC=0x0000002c | Inst=0x00128293 (addi    x5, x5, 1)
[2026-04-01 15:27:29.502] [info]    : RETIRE | Cycle   4164 | PC=0x00000030 | Inst=0xfe62ece3 (bltu    x5, x6, -8)
[2026-04-01 15:27:29.502] [info]    : RETIRE | Cycle   4167 | PC=0x00000028 | Inst=0x00028023 (sb      x0, 0(x5))
[2026-04-01 15:27:29.502] [info]    : RETIRE | Cycle   4168 | PC=0x0000002c | Inst=0x00128293 (addi    x5, x5, 1)
[2026-04-01 15:27:29.502] [info]    : RETIRE | Cycle   4169 | PC=0x00000030 | Inst=0xfe62ece3 (bltu    x5, x6, -8)
[2026-04-01 15:27:29.502] [info]    : RETIRE | Cycle   4172 | PC=0x00000028 | Inst=0x00028023 (sb      x0, 0(x5))
[2026-04-01 15:27:29.502] [info]    : RETIRE | Cycle   4173 | PC=0x0000002c | Inst=0x00128293 (addi    x5, x5, 1)
[2026-04-01 15:27:29.502] [info]    : RETIRE | Cycle   4174 | PC=0x00000030 | Inst=0xfe62ece3 (bltu    x5, x6, -8)
[2026-04-01 15:27:29.502] [info]    : RETIRE | Cycle   4177 | PC=0x00000028 | Inst=0x00028023 (sb      x0, 0(x5))
[2026-04-01 15:27:29.502] [info]    : RETIRE | Cycle   4178 | PC=0x0000002c | Inst=0x00128293 (addi    x5, x5, 1)
[2026-04-01 15:27:29.502] [info]    : RETIRE | Cycle   4179 | PC=0x00000030 | Inst=0xfe62ece3 (bltu    x5, x6, -8)
[2026-04-01 15:27:29.502] [info]    : RETIRE | Cycle   4182 | PC=0x00000028 | Inst=0x00028023 (sb      x0, 0(x5))
[2026-04-01 15:27:29.502] [info]    : RETIRE | Cycle   4183 | PC=0x0000002c | Inst=0x00128293 (addi    x5, x5, 1)
[2026-04-01 15:27:29.503] [info]    : RETIRE | Cycle   4184 | PC=0x00000030 | Inst=0xfe62ece3 (bltu    x5, x6, -8)
[2026-04-01 15:27:29.503] [info]    : RETIRE | Cycle   4187 | PC=0x00000028 | Inst=0x00028023 (sb      x0, 0(x5))
[2026-04-01 15:27:29.503] [info]    : RETIRE | Cycle   4188 | PC=0x0000002c | Inst=0x00128293 (addi    x5, x5, 1)
[2026-04-01 15:27:29.503] [info]    : RETIRE | Cycle   4189 | PC=0x00000030 | Inst=0xfe62ece3 (bltu    x5, x6, -8)
[2026-04-01 15:27:29.503] [info]    : RETIRE | Cycle   4192 | PC=0x00000028 | Inst=0x00028023 (sb      x0, 0(x5))
[2026-04-01 15:27:29.503] [info]    : RETIRE | Cycle   4193 | PC=0x0000002c | Inst=0x00128293 (addi    x5, x5, 1)
[2026-04-01 15:27:29.503] [info]    : RETIRE | Cycle   4194 | PC=0x00000030 | Inst=0xfe62ece3 (bltu    x5, x6, -8)
[2026-04-01 15:27:29.503] [info]    : RETIRE | Cycle   4197 | PC=0x00000028 | Inst=0x00028023 (sb      x0, 0(x5))
[2026-04-01 15:27:29.503] [info]    : RETIRE | Cycle   4198 | PC=0x0000002c | Inst=0x00128293 (addi    x5, x5, 1)
[2026-04-01 15:27:29.503] [info]    : RETIRE | Cycle   4199 | PC=0x00000030 | Inst=0xfe62ece3 (bltu    x5, x6, -8)
[2026-04-01 15:27:29.503] [info]    : RETIRE | Cycle   4202 | PC=0x00000028 | Inst=0x00028023 (sb      x0, 0(x5))
[2026-04-01 15:27:29.503] [info]    : RETIRE | Cycle   4203 | PC=0x0000002c | Inst=0x00128293 (addi    x5, x5, 1)
[2026-04-01 15:27:29.503] [info]    : RETIRE | Cycle   4204 | PC=0x00000030 | Inst=0xfe62ece3 (bltu    x5, x6, -8)
[2026-04-01 15:27:29.503] [info]    : RETIRE | Cycle   4207 | PC=0x00000028 | Inst=0x00028023 (sb      x0, 0(x5))
[2026-04-01 15:27:29.503] [info]    : RETIRE | Cycle   4208 | PC=0x0000002c | Inst=0x00128293 (addi    x5, x5, 1)
[2026-04-01 15:27:29.503] [info]    : RETIRE | Cycle   4210 | PC=0x00000030 | Inst=0xfe62ece3 (bltu    x5, x6, -8)
[2026-04-01 15:27:29.503] [info]    : RETIRE | Cycle   4213 | PC=0x00000028 | Inst=0x00028023 (sb      x0, 0(x5))
[2026-04-01 15:27:29.503] [info]    : RETIRE | Cycle   4214 | PC=0x0000002c | Inst=0x00128293 (addi    x5, x5, 1)
[2026-04-01 15:27:29.503] [info]    : RETIRE | Cycle   4216 | PC=0x00000030 | Inst=0xfe62ece3 (bltu    x5, x6, -8)
[2026-04-01 15:27:29.503] [info]    : RETIRE | Cycle   4219 | PC=0x00000028 | Inst=0x00028023 (sb      x0, 0(x5))
[2026-04-01 15:27:29.503] [info]    : RETIRE | Cycle   4220 | PC=0x0000002c | Inst=0x00128293 (addi    x5, x5, 1)
[2026-04-01 15:27:29.503] [info]    : RETIRE | Cycle   4222 | PC=0x00000030 | Inst=0xfe62ece3 (bltu    x5, x6, -8)
[2026-04-01 15:27:29.503] [info]    : RETIRE | Cycle   4225 | PC=0x00000028 | Inst=0x00028023 (sb      x0, 0(x5))
[2026-04-01 15:27:29.503] [info]    : RETIRE | Cycle   4226 | PC=0x0000002c | Inst=0x00128293 (addi    x5, x5, 1)
[2026-04-01 15:27:29.503] [info]    : RETIRE | Cycle   4228 | PC=0x00000030 | Inst=0xfe62ece3 (bltu    x5, x6, -8)
[2026-04-01 15:27:29.503] [info]    : RETIRE | Cycle   4248 | PC=0x00000028 | Inst=0x00028023 (sb      x0, 0(x5))
[2026-04-01 15:27:29.503] [info]    : RETIRE | Cycle   4249 | PC=0x0000002c | Inst=0x00128293 (addi    x5, x5, 1)
[2026-04-01 15:27:29.503] [info]    : RETIRE | Cycle   4251 | PC=0x00000030 | Inst=0xfe62ece3 (bltu    x5, x6, -8)
[2026-04-01 15:27:29.503] [info]    : RETIRE | Cycle   4254 | PC=0x00000028 | Inst=0x00028023 (sb      x0, 0(x5))
[2026-04-01 15:27:29.503] [info]    : RETIRE | Cycle   4255 | PC=0x0000002c | Inst=0x00128293 (addi    x5, x5, 1)
[2026-04-01 15:27:29.503] [info]    : RETIRE | Cycle   4256 | PC=0x00000030 | Inst=0xfe62ece3 (bltu    x5, x6, -8)
[2026-04-01 15:27:29.503] [info]    : RETIRE | Cycle   4259 | PC=0x00000028 | Inst=0x00028023 (sb      x0, 0(x5))
[2026-04-01 15:27:29.503] [info]    : RETIRE | Cycle   4260 | PC=0x0000002c | Inst=0x00128293 (addi    x5, x5, 1)
[2026-04-01 15:27:29.503] [info]    : RETIRE | Cycle   4261 | PC=0x00000030 | Inst=0xfe62ece3 (bltu    x5, x6, -8)
[2026-04-01 15:27:29.503] [info]    : RETIRE | Cycle   4264 | PC=0x00000028 | Inst=0x00028023 (sb      x0, 0(x5))
[2026-04-01 15:27:29.503] [info]    : RETIRE | Cycle   4265 | PC=0x0000002c | Inst=0x00128293 (addi    x5, x5, 1)
[2026-04-01 15:27:29.503] [info]    : RETIRE | Cycle   4266 | PC=0x00000030 | Inst=0xfe62ece3 (bltu    x5, x6, -8)
[2026-04-01 15:27:29.503] [info]    : RETIRE | Cycle   4269 | PC=0x00000028 | Inst=0x00028023 (sb      x0, 0(x5))
[2026-04-01 15:27:29.503] [info]    : RETIRE | Cycle   4270 | PC=0x0000002c | Inst=0x00128293 (addi    x5, x5, 1)
[2026-04-01 15:27:29.503] [info]    : RETIRE | Cycle   4271 | PC=0x00000030 | Inst=0xfe62ece3 (bltu    x5, x6, -8)
[2026-04-01 15:27:29.503] [info]    : RETIRE | Cycle   4274 | PC=0x00000028 | Inst=0x00028023 (sb      x0, 0(x5))
[2026-04-01 15:27:29.503] [info]    : RETIRE | Cycle   4275 | PC=0x0000002c | Inst=0x00128293 (addi    x5, x5, 1)
[2026-04-01 15:27:29.503] [info]    : RETIRE | Cycle   4276 | PC=0x00000030 | Inst=0xfe62ece3 (bltu    x5, x6, -8)
[2026-04-01 15:27:29.503] [info]    : RETIRE | Cycle   4279 | PC=0x00000028 | Inst=0x00028023 (sb      x0, 0(x5))
[2026-04-01 15:27:29.503] [info]    : RETIRE | Cycle   4280 | PC=0x0000002c | Inst=0x00128293 (addi    x5, x5, 1)
[2026-04-01 15:27:29.503] [info]    : RETIRE | Cycle   4281 | PC=0x00000030 | Inst=0xfe62ece3 (bltu    x5, x6, -8)
[2026-04-01 15:27:29.503] [info]    : RETIRE | Cycle   4284 | PC=0x00000028 | Inst=0x00028023 (sb      x0, 0(x5))
[2026-04-01 15:27:29.503] [info]    : RETIRE | Cycle   4285 | PC=0x0000002c | Inst=0x00128293 (addi    x5, x5, 1)
[2026-04-01 15:27:29.503] [info]    : RETIRE | Cycle   4286 | PC=0x00000030 | Inst=0xfe62ece3 (bltu    x5, x6, -8)
[2026-04-01 15:27:29.503] [info]    : RETIRE | Cycle   4289 | PC=0x00000028 | Inst=0x00028023 (sb      x0, 0(x5))
[2026-04-01 15:27:29.503] [info]    : RETIRE | Cycle   4290 | PC=0x0000002c | Inst=0x00128293 (addi    x5, x5, 1)
[2026-04-01 15:27:29.503] [info]    : RETIRE | Cycle   4291 | PC=0x00000030 | Inst=0xfe62ece3 (bltu    x5, x6, -8)
[2026-04-01 15:27:29.503] [info]    : RETIRE | Cycle   4294 | PC=0x00000028 | Inst=0x00028023 (sb      x0, 0(x5))
[2026-04-01 15:27:29.503] [info]    : RETIRE | Cycle   4295 | PC=0x0000002c | Inst=0x00128293 (addi    x5, x5, 1)
[2026-04-01 15:27:29.503] [info]    : RETIRE | Cycle   4296 | PC=0x00000030 | Inst=0xfe62ece3 (bltu    x5, x6, -8)
[2026-04-01 15:27:29.503] [info]    : RETIRE | Cycle   4299 | PC=0x00000028 | Inst=0x00028023 (sb      x0, 0(x5))
[2026-04-01 15:27:29.503] [info]    : RETIRE | Cycle   4300 | PC=0x0000002c | Inst=0x00128293 (addi    x5, x5, 1)
[2026-04-01 15:27:29.503] [info]    : RETIRE | Cycle   4301 | PC=0x00000030 | Inst=0xfe62ece3 (bltu    x5, x6, -8)
[2026-04-01 15:27:29.503] [info]    : RETIRE | Cycle   4304 | PC=0x00000028 | Inst=0x00028023 (sb      x0, 0(x5))
[2026-04-01 15:27:29.503] [info]    : RETIRE | Cycle   4305 | PC=0x0000002c | Inst=0x00128293 (addi    x5, x5, 1)
[2026-04-01 15:27:29.503] [info]    : RETIRE | Cycle   4306 | PC=0x00000030 | Inst=0xfe62ece3 (bltu    x5, x6, -8)
[2026-04-01 15:27:29.503] [info]    : RETIRE | Cycle   4309 | PC=0x00000028 | Inst=0x00028023 (sb      x0, 0(x5))
[2026-04-01 15:27:29.503] [info]    : RETIRE | Cycle   4310 | PC=0x0000002c | Inst=0x00128293 (addi    x5, x5, 1)
[2026-04-01 15:27:29.503] [info]    : RETIRE | Cycle   4312 | PC=0x00000030 | Inst=0xfe62ece3 (bltu    x5, x6, -8)
[2026-04-01 15:27:29.503] [info]    : RETIRE | Cycle   4315 | PC=0x00000028 | Inst=0x00028023 (sb      x0, 0(x5))
[2026-04-01 15:27:29.503] [info]    : RETIRE | Cycle   4316 | PC=0x0000002c | Inst=0x00128293 (addi    x5, x5, 1)
[2026-04-01 15:27:29.503] [info]    : RETIRE | Cycle   4318 | PC=0x00000030 | Inst=0xfe62ece3 (bltu    x5, x6, -8)
[2026-04-01 15:27:29.503] [info]    : RETIRE | Cycle   4321 | PC=0x00000028 | Inst=0x00028023 (sb      x0, 0(x5))
[2026-04-01 15:27:29.503] [info]    : RETIRE | Cycle   4322 | PC=0x0000002c | Inst=0x00128293 (addi    x5, x5, 1)
[2026-04-01 15:27:29.503] [info]    : RETIRE | Cycle   4324 | PC=0x00000030 | Inst=0xfe62ece3 (bltu    x5, x6, -8)
[2026-04-01 15:27:29.503] [info]    : RETIRE | Cycle   4327 | PC=0x00000028 | Inst=0x00028023 (sb      x0, 0(x5))
[2026-04-01 15:27:29.503] [info]    : RETIRE | Cycle   4328 | PC=0x0000002c | Inst=0x00128293 (addi    x5, x5, 1)
[2026-04-01 15:27:29.503] [info]    : RETIRE | Cycle   4330 | PC=0x00000030 | Inst=0xfe62ece3 (bltu    x5, x6, -8)
[2026-04-01 15:27:29.504] [info]    : RETIRE | Cycle   4350 | PC=0x00000028 | Inst=0x00028023 (sb      x0, 0(x5))
[2026-04-01 15:27:29.504] [info]    : RETIRE | Cycle   4351 | PC=0x0000002c | Inst=0x00128293 (addi    x5, x5, 1)
[2026-04-01 15:27:29.504] [info]    : RETIRE | Cycle   4353 | PC=0x00000030 | Inst=0xfe62ece3 (bltu    x5, x6, -8)
[2026-04-01 15:27:29.504] [info]    : RETIRE | Cycle   4356 | PC=0x00000028 | Inst=0x00028023 (sb      x0, 0(x5))
[2026-04-01 15:27:29.504] [info]    : RETIRE | Cycle   4357 | PC=0x0000002c | Inst=0x00128293 (addi    x5, x5, 1)
[2026-04-01 15:27:29.504] [info]    : RETIRE | Cycle   4358 | PC=0x00000030 | Inst=0xfe62ece3 (bltu    x5, x6, -8)
[2026-04-01 15:27:29.504] [info]    : RETIRE | Cycle   4361 | PC=0x00000028 | Inst=0x00028023 (sb      x0, 0(x5))
[2026-04-01 15:27:29.504] [info]    : RETIRE | Cycle   4362 | PC=0x0000002c | Inst=0x00128293 (addi    x5, x5, 1)
[2026-04-01 15:27:29.504] [info]    : RETIRE | Cycle   4363 | PC=0x00000030 | Inst=0xfe62ece3 (bltu    x5, x6, -8)
[2026-04-01 15:27:29.504] [info]    : RETIRE | Cycle   4366 | PC=0x00000028 | Inst=0x00028023 (sb      x0, 0(x5))
[2026-04-01 15:27:29.504] [info]    : RETIRE | Cycle   4367 | PC=0x0000002c | Inst=0x00128293 (addi    x5, x5, 1)
[2026-04-01 15:27:29.504] [info]    : RETIRE | Cycle   4368 | PC=0x00000030 | Inst=0xfe62ece3 (bltu    x5, x6, -8)
[2026-04-01 15:27:29.504] [info]    : RETIRE | Cycle   4371 | PC=0x00000028 | Inst=0x00028023 (sb      x0, 0(x5))
[2026-04-01 15:27:29.504] [info]    : RETIRE | Cycle   4372 | PC=0x0000002c | Inst=0x00128293 (addi    x5, x5, 1)
[2026-04-01 15:27:29.504] [info]    : RETIRE | Cycle   4373 | PC=0x00000030 | Inst=0xfe62ece3 (bltu    x5, x6, -8)
[2026-04-01 15:27:29.504] [info]    : RETIRE | Cycle   4376 | PC=0x00000028 | Inst=0x00028023 (sb      x0, 0(x5))
[2026-04-01 15:27:29.504] [info]    : RETIRE | Cycle   4377 | PC=0x0000002c | Inst=0x00128293 (addi    x5, x5, 1)
[2026-04-01 15:27:29.504] [info]    : RETIRE | Cycle   4378 | PC=0x00000030 | Inst=0xfe62ece3 (bltu    x5, x6, -8)
[2026-04-01 15:27:29.504] [info]    : RETIRE | Cycle   4381 | PC=0x00000028 | Inst=0x00028023 (sb      x0, 0(x5))
[2026-04-01 15:27:29.504] [info]    : RETIRE | Cycle   4382 | PC=0x0000002c | Inst=0x00128293 (addi    x5, x5, 1)
[2026-04-01 15:27:29.504] [info]    : RETIRE | Cycle   4383 | PC=0x00000030 | Inst=0xfe62ece3 (bltu    x5, x6, -8)
[2026-04-01 15:27:29.504] [info]    : RETIRE | Cycle   4386 | PC=0x00000028 | Inst=0x00028023 (sb      x0, 0(x5))
[2026-04-01 15:27:29.504] [info]    : RETIRE | Cycle   4387 | PC=0x0000002c | Inst=0x00128293 (addi    x5, x5, 1)
[2026-04-01 15:27:29.504] [info]    : RETIRE | Cycle   4388 | PC=0x00000030 | Inst=0xfe62ece3 (bltu    x5, x6, -8)
[2026-04-01 15:27:29.504] [info]    : RETIRE | Cycle   4391 | PC=0x00000028 | Inst=0x00028023 (sb      x0, 0(x5))
[2026-04-01 15:27:29.504] [info]    : RETIRE | Cycle   4392 | PC=0x0000002c | Inst=0x00128293 (addi    x5, x5, 1)
[2026-04-01 15:27:29.504] [info]    : RETIRE | Cycle   4393 | PC=0x00000030 | Inst=0xfe62ece3 (bltu    x5, x6, -8)
[2026-04-01 15:27:29.504] [info]    : RETIRE | Cycle   4396 | PC=0x00000028 | Inst=0x00028023 (sb      x0, 0(x5))
[2026-04-01 15:27:29.504] [info]    : RETIRE | Cycle   4397 | PC=0x0000002c | Inst=0x00128293 (addi    x5, x5, 1)
[2026-04-01 15:27:29.504] [info]    : RETIRE | Cycle   4398 | PC=0x00000030 | Inst=0xfe62ece3 (bltu    x5, x6, -8)
[2026-04-01 15:27:29.504] [info]    : RETIRE | Cycle   4401 | PC=0x00000028 | Inst=0x00028023 (sb      x0, 0(x5))
[2026-04-01 15:27:29.504] [info]    : RETIRE | Cycle   4402 | PC=0x0000002c | Inst=0x00128293 (addi    x5, x5, 1)
[2026-04-01 15:27:29.504] [info]    : RETIRE | Cycle   4403 | PC=0x00000030 | Inst=0xfe62ece3 (bltu    x5, x6, -8)
[2026-04-01 15:27:29.504] [info]    : RETIRE | Cycle   4406 | PC=0x00000028 | Inst=0x00028023 (sb      x0, 0(x5))
[2026-04-01 15:27:29.504] [info]    : RETIRE | Cycle   4407 | PC=0x0000002c | Inst=0x00128293 (addi    x5, x5, 1)
[2026-04-01 15:27:29.504] [info]    : RETIRE | Cycle   4408 | PC=0x00000030 | Inst=0xfe62ece3 (bltu    x5, x6, -8)
[2026-04-01 15:27:29.504] [info]    : RETIRE | Cycle   4411 | PC=0x00000028 | Inst=0x00028023 (sb      x0, 0(x5))
[2026-04-01 15:27:29.504] [info]    : RETIRE | Cycle   4412 | PC=0x0000002c | Inst=0x00128293 (addi    x5, x5, 1)
[2026-04-01 15:27:29.504] [info]    : RETIRE | Cycle   4414 | PC=0x00000030 | Inst=0xfe62ece3 (bltu    x5, x6, -8)
[2026-04-01 15:27:29.504] [info]    : RETIRE | Cycle   4417 | PC=0x00000028 | Inst=0x00028023 (sb      x0, 0(x5))
[2026-04-01 15:27:29.504] [info]    : RETIRE | Cycle   4418 | PC=0x0000002c | Inst=0x00128293 (addi    x5, x5, 1)
[2026-04-01 15:27:29.504] [info]    : RETIRE | Cycle   4420 | PC=0x00000030 | Inst=0xfe62ece3 (bltu    x5, x6, -8)
[2026-04-01 15:27:29.504] [info]    : RETIRE | Cycle   4423 | PC=0x00000028 | Inst=0x00028023 (sb      x0, 0(x5))
[2026-04-01 15:27:29.504] [info]    : RETIRE | Cycle   4424 | PC=0x0000002c | Inst=0x00128293 (addi    x5, x5, 1)
[2026-04-01 15:27:29.504] [info]    : RETIRE | Cycle   4426 | PC=0x00000030 | Inst=0xfe62ece3 (bltu    x5, x6, -8)
[2026-04-01 15:27:29.504] [info]    : RETIRE | Cycle   4429 | PC=0x00000028 | Inst=0x00028023 (sb      x0, 0(x5))
[2026-04-01 15:27:29.504] [info]    : RETIRE | Cycle   4430 | PC=0x0000002c | Inst=0x00128293 (addi    x5, x5, 1)
[2026-04-01 15:27:29.504] [info]    : RETIRE | Cycle   4432 | PC=0x00000030 | Inst=0xfe62ece3 (bltu    x5, x6, -8)
[2026-04-01 15:27:29.504] [info]    : RETIRE | Cycle   4452 | PC=0x00000028 | Inst=0x00028023 (sb      x0, 0(x5))
[2026-04-01 15:27:29.504] [info]    : RETIRE | Cycle   4453 | PC=0x0000002c | Inst=0x00128293 (addi    x5, x5, 1)
[2026-04-01 15:27:29.504] [info]    : RETIRE | Cycle   4455 | PC=0x00000030 | Inst=0xfe62ece3 (bltu    x5, x6, -8)
[2026-04-01 15:27:29.504] [info]    : RETIRE | Cycle   4458 | PC=0x00000028 | Inst=0x00028023 (sb      x0, 0(x5))
[2026-04-01 15:27:29.504] [info]    : RETIRE | Cycle   4459 | PC=0x0000002c | Inst=0x00128293 (addi    x5, x5, 1)
[2026-04-01 15:27:29.504] [info]    : RETIRE | Cycle   4460 | PC=0x00000030 | Inst=0xfe62ece3 (bltu    x5, x6, -8)
[2026-04-01 15:27:29.504] [info]    : RETIRE | Cycle   4463 | PC=0x00000028 | Inst=0x00028023 (sb      x0, 0(x5))
[2026-04-01 15:27:29.504] [info]    : RETIRE | Cycle   4464 | PC=0x0000002c | Inst=0x00128293 (addi    x5, x5, 1)
[2026-04-01 15:27:29.504] [info]    : RETIRE | Cycle   4465 | PC=0x00000030 | Inst=0xfe62ece3 (bltu    x5, x6, -8)
[2026-04-01 15:27:29.504] [info]    : RETIRE | Cycle   4468 | PC=0x00000028 | Inst=0x00028023 (sb      x0, 0(x5))
[2026-04-01 15:27:29.504] [info]    : RETIRE | Cycle   4469 | PC=0x0000002c | Inst=0x00128293 (addi    x5, x5, 1)
[2026-04-01 15:27:29.504] [info]    : RETIRE | Cycle   4470 | PC=0x00000030 | Inst=0xfe62ece3 (bltu    x5, x6, -8)
[2026-04-01 15:27:29.504] [info]    : RETIRE | Cycle   4473 | PC=0x00000028 | Inst=0x00028023 (sb      x0, 0(x5))
[2026-04-01 15:27:29.504] [info]    : RETIRE | Cycle   4474 | PC=0x0000002c | Inst=0x00128293 (addi    x5, x5, 1)
[2026-04-01 15:27:29.504] [info]    : RETIRE | Cycle   4475 | PC=0x00000030 | Inst=0xfe62ece3 (bltu    x5, x6, -8)
[2026-04-01 15:27:29.504] [info]    : RETIRE | Cycle   4478 | PC=0x00000028 | Inst=0x00028023 (sb      x0, 0(x5))
[2026-04-01 15:27:29.504] [info]    : RETIRE | Cycle   4479 | PC=0x0000002c | Inst=0x00128293 (addi    x5, x5, 1)
[2026-04-01 15:27:29.504] [info]    : RETIRE | Cycle   4480 | PC=0x00000030 | Inst=0xfe62ece3 (bltu    x5, x6, -8)
[2026-04-01 15:27:29.504] [info]    : RETIRE | Cycle   4483 | PC=0x00000028 | Inst=0x00028023 (sb      x0, 0(x5))
[2026-04-01 15:27:29.504] [info]    : RETIRE | Cycle   4484 | PC=0x0000002c | Inst=0x00128293 (addi    x5, x5, 1)
[2026-04-01 15:27:29.504] [info]    : RETIRE | Cycle   4485 | PC=0x00000030 | Inst=0xfe62ece3 (bltu    x5, x6, -8)
[2026-04-01 15:27:29.504] [info]    : RETIRE | Cycle   4488 | PC=0x00000028 | Inst=0x00028023 (sb      x0, 0(x5))
[2026-04-01 15:27:29.504] [info]    : RETIRE | Cycle   4489 | PC=0x0000002c | Inst=0x00128293 (addi    x5, x5, 1)
[2026-04-01 15:27:29.504] [info]    : RETIRE | Cycle   4490 | PC=0x00000030 | Inst=0xfe62ece3 (bltu    x5, x6, -8)
[2026-04-01 15:27:29.504] [info]    : RETIRE | Cycle   4493 | PC=0x00000028 | Inst=0x00028023 (sb      x0, 0(x5))
[2026-04-01 15:27:29.504] [info]    : RETIRE | Cycle   4494 | PC=0x0000002c | Inst=0x00128293 (addi    x5, x5, 1)
[2026-04-01 15:27:29.504] [info]    : RETIRE | Cycle   4495 | PC=0x00000030 | Inst=0xfe62ece3 (bltu    x5, x6, -8)
[2026-04-01 15:27:29.504] [info]    : RETIRE | Cycle   4498 | PC=0x00000028 | Inst=0x00028023 (sb      x0, 0(x5))
[2026-04-01 15:27:29.504] [info]    : RETIRE | Cycle   4499 | PC=0x0000002c | Inst=0x00128293 (addi    x5, x5, 1)
[2026-04-01 15:27:29.505] [info]    : RETIRE | Cycle   4500 | PC=0x00000030 | Inst=0xfe62ece3 (bltu    x5, x6, -8)
[2026-04-01 15:27:29.505] [info]    : RETIRE | Cycle   4503 | PC=0x00000028 | Inst=0x00028023 (sb      x0, 0(x5))
[2026-04-01 15:27:29.505] [info]    : RETIRE | Cycle   4504 | PC=0x0000002c | Inst=0x00128293 (addi    x5, x5, 1)
[2026-04-01 15:27:29.505] [info]    : RETIRE | Cycle   4505 | PC=0x00000030 | Inst=0xfe62ece3 (bltu    x5, x6, -8)
[2026-04-01 15:27:29.505] [info]    : RETIRE | Cycle   4508 | PC=0x00000028 | Inst=0x00028023 (sb      x0, 0(x5))
[2026-04-01 15:27:29.505] [info]    : RETIRE | Cycle   4509 | PC=0x0000002c | Inst=0x00128293 (addi    x5, x5, 1)
[2026-04-01 15:27:29.505] [info]    : RETIRE | Cycle   4510 | PC=0x00000030 | Inst=0xfe62ece3 (bltu    x5, x6, -8)
[2026-04-01 15:27:29.505] [info]    : RETIRE | Cycle   4513 | PC=0x00000028 | Inst=0x00028023 (sb      x0, 0(x5))
[2026-04-01 15:27:29.505] [info]    : RETIRE | Cycle   4514 | PC=0x0000002c | Inst=0x00128293 (addi    x5, x5, 1)
[2026-04-01 15:27:29.505] [info]    : RETIRE | Cycle   4516 | PC=0x00000030 | Inst=0xfe62ece3 (bltu    x5, x6, -8)
[2026-04-01 15:27:29.505] [info]    : RETIRE | Cycle   4519 | PC=0x00000028 | Inst=0x00028023 (sb      x0, 0(x5))
[2026-04-01 15:27:29.505] [info]    : RETIRE | Cycle   4520 | PC=0x0000002c | Inst=0x00128293 (addi    x5, x5, 1)
[2026-04-01 15:27:29.505] [info]    : RETIRE | Cycle   4522 | PC=0x00000030 | Inst=0xfe62ece3 (bltu    x5, x6, -8)
[2026-04-01 15:27:29.505] [info]    : RETIRE | Cycle   4525 | PC=0x00000028 | Inst=0x00028023 (sb      x0, 0(x5))
[2026-04-01 15:27:29.505] [info]    : RETIRE | Cycle   4526 | PC=0x0000002c | Inst=0x00128293 (addi    x5, x5, 1)
[2026-04-01 15:27:29.505] [info]    : RETIRE | Cycle   4528 | PC=0x00000030 | Inst=0xfe62ece3 (bltu    x5, x6, -8)
[2026-04-01 15:27:29.505] [info]    : RETIRE | Cycle   4531 | PC=0x00000028 | Inst=0x00028023 (sb      x0, 0(x5))
[2026-04-01 15:27:29.505] [info]    : RETIRE | Cycle   4532 | PC=0x0000002c | Inst=0x00128293 (addi    x5, x5, 1)
[2026-04-01 15:27:29.505] [info]    : RETIRE | Cycle   4534 | PC=0x00000030 | Inst=0xfe62ece3 (bltu    x5, x6, -8)
[2026-04-01 15:27:29.505] [info]    : RETIRE | Cycle   4554 | PC=0x00000028 | Inst=0x00028023 (sb      x0, 0(x5))
[2026-04-01 15:27:29.505] [info]    : RETIRE | Cycle   4555 | PC=0x0000002c | Inst=0x00128293 (addi    x5, x5, 1)
[2026-04-01 15:27:29.505] [info]    : RETIRE | Cycle   4557 | PC=0x00000030 | Inst=0xfe62ece3 (bltu    x5, x6, -8)
[2026-04-01 15:27:29.505] [info]    : RETIRE | Cycle   4560 | PC=0x00000028 | Inst=0x00028023 (sb      x0, 0(x5))
[2026-04-01 15:27:29.505] [info]    : RETIRE | Cycle   4561 | PC=0x0000002c | Inst=0x00128293 (addi    x5, x5, 1)
[2026-04-01 15:27:29.505] [info]    : RETIRE | Cycle   4562 | PC=0x00000030 | Inst=0xfe62ece3 (bltu    x5, x6, -8)
[2026-04-01 15:27:29.505] [info]    : RETIRE | Cycle   4565 | PC=0x00000028 | Inst=0x00028023 (sb      x0, 0(x5))
[2026-04-01 15:27:29.505] [info]    : RETIRE | Cycle   4566 | PC=0x0000002c | Inst=0x00128293 (addi    x5, x5, 1)
[2026-04-01 15:27:29.505] [info]    : RETIRE | Cycle   4567 | PC=0x00000030 | Inst=0xfe62ece3 (bltu    x5, x6, -8)
[2026-04-01 15:27:29.505] [info]    : RETIRE | Cycle   4570 | PC=0x00000028 | Inst=0x00028023 (sb      x0, 0(x5))
[2026-04-01 15:27:29.505] [info]    : RETIRE | Cycle   4571 | PC=0x0000002c | Inst=0x00128293 (addi    x5, x5, 1)
[2026-04-01 15:27:29.505] [info]    : RETIRE | Cycle   4572 | PC=0x00000030 | Inst=0xfe62ece3 (bltu    x5, x6, -8)
[2026-04-01 15:27:29.505] [info]    : RETIRE | Cycle   4575 | PC=0x00000028 | Inst=0x00028023 (sb      x0, 0(x5))
[2026-04-01 15:27:29.505] [info]    : RETIRE | Cycle   4576 | PC=0x0000002c | Inst=0x00128293 (addi    x5, x5, 1)
[2026-04-01 15:27:29.505] [info]    : RETIRE | Cycle   4577 | PC=0x00000030 | Inst=0xfe62ece3 (bltu    x5, x6, -8)
[2026-04-01 15:27:29.505] [info]    : RETIRE | Cycle   4580 | PC=0x00000028 | Inst=0x00028023 (sb      x0, 0(x5))
[2026-04-01 15:27:29.505] [info]    : RETIRE | Cycle   4581 | PC=0x0000002c | Inst=0x00128293 (addi    x5, x5, 1)
[2026-04-01 15:27:29.505] [info]    : RETIRE | Cycle   4582 | PC=0x00000030 | Inst=0xfe62ece3 (bltu    x5, x6, -8)
[2026-04-01 15:27:29.505] [info]    : RETIRE | Cycle   4585 | PC=0x00000028 | Inst=0x00028023 (sb      x0, 0(x5))
[2026-04-01 15:27:29.505] [info]    : RETIRE | Cycle   4586 | PC=0x0000002c | Inst=0x00128293 (addi    x5, x5, 1)
[2026-04-01 15:27:29.505] [info]    : RETIRE | Cycle   4587 | PC=0x00000030 | Inst=0xfe62ece3 (bltu    x5, x6, -8)
[2026-04-01 15:27:29.505] [info]    : RETIRE | Cycle   4590 | PC=0x00000028 | Inst=0x00028023 (sb      x0, 0(x5))
[2026-04-01 15:27:29.505] [info]    : RETIRE | Cycle   4591 | PC=0x0000002c | Inst=0x00128293 (addi    x5, x5, 1)
[2026-04-01 15:27:29.505] [info]    : RETIRE | Cycle   4592 | PC=0x00000030 | Inst=0xfe62ece3 (bltu    x5, x6, -8)
[2026-04-01 15:27:29.505] [info]    : RETIRE | Cycle   4595 | PC=0x00000028 | Inst=0x00028023 (sb      x0, 0(x5))
[2026-04-01 15:27:29.505] [info]    : RETIRE | Cycle   4596 | PC=0x0000002c | Inst=0x00128293 (addi    x5, x5, 1)
[2026-04-01 15:27:29.505] [info]    : RETIRE | Cycle   4597 | PC=0x00000030 | Inst=0xfe62ece3 (bltu    x5, x6, -8)
[2026-04-01 15:27:29.505] [info]    : RETIRE | Cycle   4600 | PC=0x00000028 | Inst=0x00028023 (sb      x0, 0(x5))
[2026-04-01 15:27:29.505] [info]    : RETIRE | Cycle   4601 | PC=0x0000002c | Inst=0x00128293 (addi    x5, x5, 1)
[2026-04-01 15:27:29.505] [info]    : RETIRE | Cycle   4602 | PC=0x00000030 | Inst=0xfe62ece3 (bltu    x5, x6, -8)
[2026-04-01 15:27:29.505] [info]    : RETIRE | Cycle   4605 | PC=0x00000028 | Inst=0x00028023 (sb      x0, 0(x5))
[2026-04-01 15:27:29.505] [info]    : RETIRE | Cycle   4606 | PC=0x0000002c | Inst=0x00128293 (addi    x5, x5, 1)
[2026-04-01 15:27:29.505] [info]    : RETIRE | Cycle   4607 | PC=0x00000030 | Inst=0xfe62ece3 (bltu    x5, x6, -8)
[2026-04-01 15:27:29.505] [info]    : RETIRE | Cycle   4610 | PC=0x00000028 | Inst=0x00028023 (sb      x0, 0(x5))
[2026-04-01 15:27:29.505] [info]    : RETIRE | Cycle   4611 | PC=0x0000002c | Inst=0x00128293 (addi    x5, x5, 1)
[2026-04-01 15:27:29.505] [info]    : RETIRE | Cycle   4612 | PC=0x00000030 | Inst=0xfe62ece3 (bltu    x5, x6, -8)
[2026-04-01 15:27:29.505] [info]    : RETIRE | Cycle   4615 | PC=0x00000028 | Inst=0x00028023 (sb      x0, 0(x5))
[2026-04-01 15:27:29.505] [info]    : RETIRE | Cycle   4616 | PC=0x0000002c | Inst=0x00128293 (addi    x5, x5, 1)
[2026-04-01 15:27:29.505] [info]    : RETIRE | Cycle   4618 | PC=0x00000030 | Inst=0xfe62ece3 (bltu    x5, x6, -8)
[2026-04-01 15:27:29.505] [info]    : RETIRE | Cycle   4621 | PC=0x00000028 | Inst=0x00028023 (sb      x0, 0(x5))
[2026-04-01 15:27:29.505] [info]    : RETIRE | Cycle   4622 | PC=0x0000002c | Inst=0x00128293 (addi    x5, x5, 1)
[2026-04-01 15:27:29.505] [info]    : RETIRE | Cycle   4624 | PC=0x00000030 | Inst=0xfe62ece3 (bltu    x5, x6, -8)
[2026-04-01 15:27:29.505] [info]    : RETIRE | Cycle   4627 | PC=0x00000028 | Inst=0x00028023 (sb      x0, 0(x5))
[2026-04-01 15:27:29.505] [info]    : RETIRE | Cycle   4628 | PC=0x0000002c | Inst=0x00128293 (addi    x5, x5, 1)
[2026-04-01 15:27:29.505] [info]    : RETIRE | Cycle   4630 | PC=0x00000030 | Inst=0xfe62ece3 (bltu    x5, x6, -8)
[2026-04-01 15:27:29.505] [info]    : RETIRE | Cycle   4633 | PC=0x00000028 | Inst=0x00028023 (sb      x0, 0(x5))
[2026-04-01 15:27:29.505] [info]    : RETIRE | Cycle   4634 | PC=0x0000002c | Inst=0x00128293 (addi    x5, x5, 1)
[2026-04-01 15:27:29.505] [info]    : RETIRE | Cycle   4636 | PC=0x00000030 | Inst=0xfe62ece3 (bltu    x5, x6, -8)
[2026-04-01 15:27:29.506] [info]    : RETIRE | Cycle   4656 | PC=0x00000028 | Inst=0x00028023 (sb      x0, 0(x5))
[2026-04-01 15:27:29.506] [info]    : RETIRE | Cycle   4657 | PC=0x0000002c | Inst=0x00128293 (addi    x5, x5, 1)
[2026-04-01 15:27:29.506] [info]    : RETIRE | Cycle   4659 | PC=0x00000030 | Inst=0xfe62ece3 (bltu    x5, x6, -8)
[2026-04-01 15:27:29.506] [info]    : RETIRE | Cycle   4662 | PC=0x00000028 | Inst=0x00028023 (sb      x0, 0(x5))
[2026-04-01 15:27:29.506] [info]    : RETIRE | Cycle   4663 | PC=0x0000002c | Inst=0x00128293 (addi    x5, x5, 1)
[2026-04-01 15:27:29.506] [info]    : RETIRE | Cycle   4664 | PC=0x00000030 | Inst=0xfe62ece3 (bltu    x5, x6, -8)
[2026-04-01 15:27:29.506] [info]    : RETIRE | Cycle   4667 | PC=0x00000028 | Inst=0x00028023 (sb      x0, 0(x5))
[2026-04-01 15:27:29.506] [info]    : RETIRE | Cycle   4668 | PC=0x0000002c | Inst=0x00128293 (addi    x5, x5, 1)
[2026-04-01 15:27:29.506] [info]    : RETIRE | Cycle   4669 | PC=0x00000030 | Inst=0xfe62ece3 (bltu    x5, x6, -8)
[2026-04-01 15:27:29.506] [info]    : RETIRE | Cycle   4672 | PC=0x00000028 | Inst=0x00028023 (sb      x0, 0(x5))
[2026-04-01 15:27:29.506] [info]    : RETIRE | Cycle   4673 | PC=0x0000002c | Inst=0x00128293 (addi    x5, x5, 1)
[2026-04-01 15:27:29.506] [info]    : RETIRE | Cycle   4674 | PC=0x00000030 | Inst=0xfe62ece3 (bltu    x5, x6, -8)
[2026-04-01 15:27:29.506] [info]    : RETIRE | Cycle   4677 | PC=0x00000028 | Inst=0x00028023 (sb      x0, 0(x5))
[2026-04-01 15:27:29.506] [info]    : RETIRE | Cycle   4678 | PC=0x0000002c | Inst=0x00128293 (addi    x5, x5, 1)
[2026-04-01 15:27:29.506] [info]    : RETIRE | Cycle   4679 | PC=0x00000030 | Inst=0xfe62ece3 (bltu    x5, x6, -8)
[2026-04-01 15:27:29.506] [info]    : RETIRE | Cycle   4682 | PC=0x00000028 | Inst=0x00028023 (sb      x0, 0(x5))
[2026-04-01 15:27:29.506] [info]    : RETIRE | Cycle   4683 | PC=0x0000002c | Inst=0x00128293 (addi    x5, x5, 1)
[2026-04-01 15:27:29.506] [info]    : RETIRE | Cycle   4684 | PC=0x00000030 | Inst=0xfe62ece3 (bltu    x5, x6, -8)
[2026-04-01 15:27:29.506] [info]    : RETIRE | Cycle   4687 | PC=0x00000028 | Inst=0x00028023 (sb      x0, 0(x5))
[2026-04-01 15:27:29.506] [info]    : RETIRE | Cycle   4688 | PC=0x0000002c | Inst=0x00128293 (addi    x5, x5, 1)
[2026-04-01 15:27:29.506] [info]    : RETIRE | Cycle   4689 | PC=0x00000030 | Inst=0xfe62ece3 (bltu    x5, x6, -8)
[2026-04-01 15:27:29.506] [info]    : RETIRE | Cycle   4692 | PC=0x00000028 | Inst=0x00028023 (sb      x0, 0(x5))
[2026-04-01 15:27:29.506] [info]    : RETIRE | Cycle   4693 | PC=0x0000002c | Inst=0x00128293 (addi    x5, x5, 1)
[2026-04-01 15:27:29.506] [info]    : RETIRE | Cycle   4694 | PC=0x00000030 | Inst=0xfe62ece3 (bltu    x5, x6, -8)
[2026-04-01 15:27:29.506] [info]    : RETIRE | Cycle   4697 | PC=0x00000028 | Inst=0x00028023 (sb      x0, 0(x5))
[2026-04-01 15:27:29.506] [info]    : RETIRE | Cycle   4698 | PC=0x0000002c | Inst=0x00128293 (addi    x5, x5, 1)
[2026-04-01 15:27:29.506] [info]    : RETIRE | Cycle   4699 | PC=0x00000030 | Inst=0xfe62ece3 (bltu    x5, x6, -8)
[2026-04-01 15:27:29.506] [info]    : RETIRE | Cycle   4702 | PC=0x00000028 | Inst=0x00028023 (sb      x0, 0(x5))
[2026-04-01 15:27:29.506] [info]    : RETIRE | Cycle   4703 | PC=0x0000002c | Inst=0x00128293 (addi    x5, x5, 1)
[2026-04-01 15:27:29.506] [info]    : RETIRE | Cycle   4704 | PC=0x00000030 | Inst=0xfe62ece3 (bltu    x5, x6, -8)
[2026-04-01 15:27:29.506] [info]    : RETIRE | Cycle   4707 | PC=0x00000028 | Inst=0x00028023 (sb      x0, 0(x5))
[2026-04-01 15:27:29.506] [info]    : RETIRE | Cycle   4708 | PC=0x0000002c | Inst=0x00128293 (addi    x5, x5, 1)
[2026-04-01 15:27:29.506] [info]    : RETIRE | Cycle   4709 | PC=0x00000030 | Inst=0xfe62ece3 (bltu    x5, x6, -8)
[2026-04-01 15:27:29.506] [info]    : RETIRE | Cycle   4712 | PC=0x00000028 | Inst=0x00028023 (sb      x0, 0(x5))
[2026-04-01 15:27:29.506] [info]    : RETIRE | Cycle   4713 | PC=0x0000002c | Inst=0x00128293 (addi    x5, x5, 1)
[2026-04-01 15:27:29.506] [info]    : RETIRE | Cycle   4714 | PC=0x00000030 | Inst=0xfe62ece3 (bltu    x5, x6, -8)
[2026-04-01 15:27:29.506] [info]    : RETIRE | Cycle   4717 | PC=0x00000028 | Inst=0x00028023 (sb      x0, 0(x5))
[2026-04-01 15:27:29.506] [info]    : RETIRE | Cycle   4718 | PC=0x0000002c | Inst=0x00128293 (addi    x5, x5, 1)
[2026-04-01 15:27:29.506] [info]    : RETIRE | Cycle   4720 | PC=0x00000030 | Inst=0xfe62ece3 (bltu    x5, x6, -8)
[2026-04-01 15:27:29.506] [info]    : RETIRE | Cycle   4723 | PC=0x00000028 | Inst=0x00028023 (sb      x0, 0(x5))
[2026-04-01 15:27:29.506] [info]    : RETIRE | Cycle   4724 | PC=0x0000002c | Inst=0x00128293 (addi    x5, x5, 1)
[2026-04-01 15:27:29.506] [info]    : RETIRE | Cycle   4726 | PC=0x00000030 | Inst=0xfe62ece3 (bltu    x5, x6, -8)
[2026-04-01 15:27:29.506] [info]    : RETIRE | Cycle   4729 | PC=0x00000028 | Inst=0x00028023 (sb      x0, 0(x5))
[2026-04-01 15:27:29.506] [info]    : RETIRE | Cycle   4730 | PC=0x0000002c | Inst=0x00128293 (addi    x5, x5, 1)
[2026-04-01 15:27:29.506] [info]    : RETIRE | Cycle   4732 | PC=0x00000030 | Inst=0xfe62ece3 (bltu    x5, x6, -8)
[2026-04-01 15:27:29.506] [info]    : RETIRE | Cycle   4735 | PC=0x00000028 | Inst=0x00028023 (sb      x0, 0(x5))
[2026-04-01 15:27:29.506] [info]    : RETIRE | Cycle   4736 | PC=0x0000002c | Inst=0x00128293 (addi    x5, x5, 1)
[2026-04-01 15:27:29.506] [info]    : RETIRE | Cycle   4738 | PC=0x00000030 | Inst=0xfe62ece3 (bltu    x5, x6, -8)
[2026-04-01 15:27:29.506] [info]    : RETIRE | Cycle   4758 | PC=0x00000028 | Inst=0x00028023 (sb      x0, 0(x5))
[2026-04-01 15:27:29.506] [info]    : RETIRE | Cycle   4759 | PC=0x0000002c | Inst=0x00128293 (addi    x5, x5, 1)
[2026-04-01 15:27:29.506] [info]    : RETIRE | Cycle   4761 | PC=0x00000030 | Inst=0xfe62ece3 (bltu    x5, x6, -8)
[2026-04-01 15:27:29.506] [info]    : RETIRE | Cycle   4764 | PC=0x00000028 | Inst=0x00028023 (sb      x0, 0(x5))
[2026-04-01 15:27:29.506] [info]    : RETIRE | Cycle   4765 | PC=0x0000002c | Inst=0x00128293 (addi    x5, x5, 1)
[2026-04-01 15:27:29.506] [info]    : RETIRE | Cycle   4766 | PC=0x00000030 | Inst=0xfe62ece3 (bltu    x5, x6, -8)
[2026-04-01 15:27:29.506] [info]    : RETIRE | Cycle   4769 | PC=0x00000028 | Inst=0x00028023 (sb      x0, 0(x5))
[2026-04-01 15:27:29.506] [info]    : RETIRE | Cycle   4770 | PC=0x0000002c | Inst=0x00128293 (addi    x5, x5, 1)
[2026-04-01 15:27:29.506] [info]    : RETIRE | Cycle   4771 | PC=0x00000030 | Inst=0xfe62ece3 (bltu    x5, x6, -8)
[2026-04-01 15:27:29.506] [info]    : RETIRE | Cycle   4774 | PC=0x00000028 | Inst=0x00028023 (sb      x0, 0(x5))
[2026-04-01 15:27:29.506] [info]    : RETIRE | Cycle   4775 | PC=0x0000002c | Inst=0x00128293 (addi    x5, x5, 1)
[2026-04-01 15:27:29.506] [info]    : RETIRE | Cycle   4776 | PC=0x00000030 | Inst=0xfe62ece3 (bltu    x5, x6, -8)
[2026-04-01 15:27:29.506] [info]    : RETIRE | Cycle   4779 | PC=0x00000028 | Inst=0x00028023 (sb      x0, 0(x5))
[2026-04-01 15:27:29.506] [info]    : RETIRE | Cycle   4780 | PC=0x0000002c | Inst=0x00128293 (addi    x5, x5, 1)
[2026-04-01 15:27:29.506] [info]    : RETIRE | Cycle   4781 | PC=0x00000030 | Inst=0xfe62ece3 (bltu    x5, x6, -8)
[2026-04-01 15:27:29.506] [info]    : RETIRE | Cycle   4784 | PC=0x00000028 | Inst=0x00028023 (sb      x0, 0(x5))
[2026-04-01 15:27:29.506] [info]    : RETIRE | Cycle   4785 | PC=0x0000002c | Inst=0x00128293 (addi    x5, x5, 1)
[2026-04-01 15:27:29.506] [info]    : RETIRE | Cycle   4786 | PC=0x00000030 | Inst=0xfe62ece3 (bltu    x5, x6, -8)
[2026-04-01 15:27:29.506] [info]    : RETIRE | Cycle   4789 | PC=0x00000028 | Inst=0x00028023 (sb      x0, 0(x5))
[2026-04-01 15:27:29.506] [info]    : RETIRE | Cycle   4790 | PC=0x0000002c | Inst=0x00128293 (addi    x5, x5, 1)
[2026-04-01 15:27:29.506] [info]    : RETIRE | Cycle   4791 | PC=0x00000030 | Inst=0xfe62ece3 (bltu    x5, x6, -8)
[2026-04-01 15:27:29.506] [info]    : RETIRE | Cycle   4794 | PC=0x00000028 | Inst=0x00028023 (sb      x0, 0(x5))
[2026-04-01 15:27:29.506] [info]    : RETIRE | Cycle   4795 | PC=0x0000002c | Inst=0x00128293 (addi    x5, x5, 1)
[2026-04-01 15:27:29.506] [info]    : RETIRE | Cycle   4796 | PC=0x00000030 | Inst=0xfe62ece3 (bltu    x5, x6, -8)
[2026-04-01 15:27:29.507] [info]    : RETIRE | Cycle   4799 | PC=0x00000028 | Inst=0x00028023 (sb      x0, 0(x5))
[2026-04-01 15:27:29.507] [info]    : RETIRE | Cycle   4800 | PC=0x0000002c | Inst=0x00128293 (addi    x5, x5, 1)
[2026-04-01 15:27:29.507] [info]    : RETIRE | Cycle   4801 | PC=0x00000030 | Inst=0xfe62ece3 (bltu    x5, x6, -8)
[2026-04-01 15:27:29.507] [info]    : RETIRE | Cycle   4804 | PC=0x00000028 | Inst=0x00028023 (sb      x0, 0(x5))
[2026-04-01 15:27:29.507] [info]    : RETIRE | Cycle   4805 | PC=0x0000002c | Inst=0x00128293 (addi    x5, x5, 1)
[2026-04-01 15:27:29.507] [info]    : RETIRE | Cycle   4806 | PC=0x00000030 | Inst=0xfe62ece3 (bltu    x5, x6, -8)
[2026-04-01 15:27:29.507] [info]    : RETIRE | Cycle   4809 | PC=0x00000028 | Inst=0x00028023 (sb      x0, 0(x5))
[2026-04-01 15:27:29.507] [info]    : RETIRE | Cycle   4810 | PC=0x0000002c | Inst=0x00128293 (addi    x5, x5, 1)
[2026-04-01 15:27:29.507] [info]    : RETIRE | Cycle   4811 | PC=0x00000030 | Inst=0xfe62ece3 (bltu    x5, x6, -8)
[2026-04-01 15:27:29.507] [info]    : RETIRE | Cycle   4814 | PC=0x00000028 | Inst=0x00028023 (sb      x0, 0(x5))
[2026-04-01 15:27:29.507] [info]    : RETIRE | Cycle   4815 | PC=0x0000002c | Inst=0x00128293 (addi    x5, x5, 1)
[2026-04-01 15:27:29.507] [info]    : RETIRE | Cycle   4816 | PC=0x00000030 | Inst=0xfe62ece3 (bltu    x5, x6, -8)
[2026-04-01 15:27:29.507] [info]    : RETIRE | Cycle   4819 | PC=0x00000028 | Inst=0x00028023 (sb      x0, 0(x5))
[2026-04-01 15:27:29.507] [info]    : RETIRE | Cycle   4820 | PC=0x0000002c | Inst=0x00128293 (addi    x5, x5, 1)
[2026-04-01 15:27:29.507] [info]    : RETIRE | Cycle   4822 | PC=0x00000030 | Inst=0xfe62ece3 (bltu    x5, x6, -8)
[2026-04-01 15:27:29.507] [info]    : RETIRE | Cycle   4825 | PC=0x00000028 | Inst=0x00028023 (sb      x0, 0(x5))
[2026-04-01 15:27:29.507] [info]    : RETIRE | Cycle   4826 | PC=0x0000002c | Inst=0x00128293 (addi    x5, x5, 1)
[2026-04-01 15:27:29.507] [info]    : RETIRE | Cycle   4828 | PC=0x00000030 | Inst=0xfe62ece3 (bltu    x5, x6, -8)
[2026-04-01 15:27:29.507] [info]    : RETIRE | Cycle   4831 | PC=0x00000028 | Inst=0x00028023 (sb      x0, 0(x5))
[2026-04-01 15:27:29.507] [info]    : RETIRE | Cycle   4832 | PC=0x0000002c | Inst=0x00128293 (addi    x5, x5, 1)
[2026-04-01 15:27:29.507] [info]    : RETIRE | Cycle   4834 | PC=0x00000030 | Inst=0xfe62ece3 (bltu    x5, x6, -8)
[2026-04-01 15:27:29.507] [info]    : RETIRE | Cycle   4837 | PC=0x00000028 | Inst=0x00028023 (sb      x0, 0(x5))
[2026-04-01 15:27:29.507] [info]    : RETIRE | Cycle   4838 | PC=0x0000002c | Inst=0x00128293 (addi    x5, x5, 1)
[2026-04-01 15:27:29.507] [info]    : RETIRE | Cycle   4840 | PC=0x00000030 | Inst=0xfe62ece3 (bltu    x5, x6, -8)
[2026-04-01 15:27:29.507] [info]    : RETIRE | Cycle   4860 | PC=0x00000028 | Inst=0x00028023 (sb      x0, 0(x5))
[2026-04-01 15:27:29.507] [info]    : RETIRE | Cycle   4861 | PC=0x0000002c | Inst=0x00128293 (addi    x5, x5, 1)
[2026-04-01 15:27:29.507] [info]    : RETIRE | Cycle   4863 | PC=0x00000030 | Inst=0xfe62ece3 (bltu    x5, x6, -8)
[2026-04-01 15:27:29.507] [info]    : RETIRE | Cycle   4866 | PC=0x00000028 | Inst=0x00028023 (sb      x0, 0(x5))
[2026-04-01 15:27:29.507] [info]    : RETIRE | Cycle   4867 | PC=0x0000002c | Inst=0x00128293 (addi    x5, x5, 1)
[2026-04-01 15:27:29.507] [info]    : RETIRE | Cycle   4868 | PC=0x00000030 | Inst=0xfe62ece3 (bltu    x5, x6, -8)
[2026-04-01 15:27:29.507] [info]    : RETIRE | Cycle   4871 | PC=0x00000028 | Inst=0x00028023 (sb      x0, 0(x5))
[2026-04-01 15:27:29.507] [info]    : RETIRE | Cycle   4872 | PC=0x0000002c | Inst=0x00128293 (addi    x5, x5, 1)
[2026-04-01 15:27:29.507] [info]    : RETIRE | Cycle   4873 | PC=0x00000030 | Inst=0xfe62ece3 (bltu    x5, x6, -8)
[2026-04-01 15:27:29.507] [info]    : RETIRE | Cycle   4876 | PC=0x00000028 | Inst=0x00028023 (sb      x0, 0(x5))
[2026-04-01 15:27:29.507] [info]    : RETIRE | Cycle   4877 | PC=0x0000002c | Inst=0x00128293 (addi    x5, x5, 1)
[2026-04-01 15:27:29.507] [info]    : RETIRE | Cycle   4878 | PC=0x00000030 | Inst=0xfe62ece3 (bltu    x5, x6, -8)
[2026-04-01 15:27:29.507] [info]    : RETIRE | Cycle   4881 | PC=0x00000028 | Inst=0x00028023 (sb      x0, 0(x5))
[2026-04-01 15:27:29.507] [info]    : RETIRE | Cycle   4882 | PC=0x0000002c | Inst=0x00128293 (addi    x5, x5, 1)
[2026-04-01 15:27:29.507] [info]    : RETIRE | Cycle   4883 | PC=0x00000030 | Inst=0xfe62ece3 (bltu    x5, x6, -8)
[2026-04-01 15:27:29.507] [info]    : RETIRE | Cycle   4886 | PC=0x00000028 | Inst=0x00028023 (sb      x0, 0(x5))
[2026-04-01 15:27:29.507] [info]    : RETIRE | Cycle   4887 | PC=0x0000002c | Inst=0x00128293 (addi    x5, x5, 1)
[2026-04-01 15:27:29.507] [info]    : RETIRE | Cycle   4888 | PC=0x00000030 | Inst=0xfe62ece3 (bltu    x5, x6, -8)
[2026-04-01 15:27:29.507] [info]    : RETIRE | Cycle   4891 | PC=0x00000028 | Inst=0x00028023 (sb      x0, 0(x5))
[2026-04-01 15:27:29.507] [info]    : RETIRE | Cycle   4892 | PC=0x0000002c | Inst=0x00128293 (addi    x5, x5, 1)
[2026-04-01 15:27:29.507] [info]    : RETIRE | Cycle   4893 | PC=0x00000030 | Inst=0xfe62ece3 (bltu    x5, x6, -8)
[2026-04-01 15:27:29.507] [info]    : RETIRE | Cycle   4896 | PC=0x00000028 | Inst=0x00028023 (sb      x0, 0(x5))
[2026-04-01 15:27:29.507] [info]    : RETIRE | Cycle   4897 | PC=0x0000002c | Inst=0x00128293 (addi    x5, x5, 1)
[2026-04-01 15:27:29.507] [info]    : RETIRE | Cycle   4898 | PC=0x00000030 | Inst=0xfe62ece3 (bltu    x5, x6, -8)
[2026-04-01 15:27:29.507] [info]    : RETIRE | Cycle   4901 | PC=0x00000028 | Inst=0x00028023 (sb      x0, 0(x5))
[2026-04-01 15:27:29.507] [info]    : RETIRE | Cycle   4902 | PC=0x0000002c | Inst=0x00128293 (addi    x5, x5, 1)
[2026-04-01 15:27:29.507] [info]    : RETIRE | Cycle   4903 | PC=0x00000030 | Inst=0xfe62ece3 (bltu    x5, x6, -8)
[2026-04-01 15:27:29.507] [info]    : RETIRE | Cycle   4906 | PC=0x00000028 | Inst=0x00028023 (sb      x0, 0(x5))
[2026-04-01 15:27:29.507] [info]    : RETIRE | Cycle   4907 | PC=0x0000002c | Inst=0x00128293 (addi    x5, x5, 1)
[2026-04-01 15:27:29.507] [info]    : RETIRE | Cycle   4908 | PC=0x00000030 | Inst=0xfe62ece3 (bltu    x5, x6, -8)
[2026-04-01 15:27:29.507] [info]    : RETIRE | Cycle   4911 | PC=0x00000028 | Inst=0x00028023 (sb      x0, 0(x5))
[2026-04-01 15:27:29.507] [info]    : RETIRE | Cycle   4912 | PC=0x0000002c | Inst=0x00128293 (addi    x5, x5, 1)
[2026-04-01 15:27:29.507] [info]    : RETIRE | Cycle   4913 | PC=0x00000030 | Inst=0xfe62ece3 (bltu    x5, x6, -8)
[2026-04-01 15:27:29.507] [info]    : RETIRE | Cycle   4916 | PC=0x00000028 | Inst=0x00028023 (sb      x0, 0(x5))
[2026-04-01 15:27:29.507] [info]    : RETIRE | Cycle   4917 | PC=0x0000002c | Inst=0x00128293 (addi    x5, x5, 1)
[2026-04-01 15:27:29.507] [info]    : RETIRE | Cycle   4918 | PC=0x00000030 | Inst=0xfe62ece3 (bltu    x5, x6, -8)
[2026-04-01 15:27:29.507] [info]    : RETIRE | Cycle   4921 | PC=0x00000028 | Inst=0x00028023 (sb      x0, 0(x5))
[2026-04-01 15:27:29.507] [info]    : RETIRE | Cycle   4922 | PC=0x0000002c | Inst=0x00128293 (addi    x5, x5, 1)
[2026-04-01 15:27:29.507] [info]    : RETIRE | Cycle   4924 | PC=0x00000030 | Inst=0xfe62ece3 (bltu    x5, x6, -8)
[2026-04-01 15:27:29.507] [info]    : RETIRE | Cycle   4927 | PC=0x00000028 | Inst=0x00028023 (sb      x0, 0(x5))
[2026-04-01 15:27:29.507] [info]    : RETIRE | Cycle   4928 | PC=0x0000002c | Inst=0x00128293 (addi    x5, x5, 1)
[2026-04-01 15:27:29.507] [info]    : RETIRE | Cycle   4930 | PC=0x00000030 | Inst=0xfe62ece3 (bltu    x5, x6, -8)
[2026-04-01 15:27:29.507] [info]    : RETIRE | Cycle   4933 | PC=0x00000028 | Inst=0x00028023 (sb      x0, 0(x5))
[2026-04-01 15:27:29.507] [info]    : RETIRE | Cycle   4934 | PC=0x0000002c | Inst=0x00128293 (addi    x5, x5, 1)
[2026-04-01 15:27:29.507] [info]    : RETIRE | Cycle   4936 | PC=0x00000030 | Inst=0xfe62ece3 (bltu    x5, x6, -8)
[2026-04-01 15:27:29.507] [info]    : RETIRE | Cycle   4939 | PC=0x00000028 | Inst=0x00028023 (sb      x0, 0(x5))
[2026-04-01 15:27:29.507] [info]    : RETIRE | Cycle   4940 | PC=0x0000002c | Inst=0x00128293 (addi    x5, x5, 1)
[2026-04-01 15:27:29.507] [info]    : RETIRE | Cycle   4942 | PC=0x00000030 | Inst=0xfe62ece3 (bltu    x5, x6, -8)
[2026-04-01 15:27:29.508] [info]    : RETIRE | Cycle   4962 | PC=0x00000028 | Inst=0x00028023 (sb      x0, 0(x5))
[2026-04-01 15:27:29.508] [info]    : RETIRE | Cycle   4963 | PC=0x0000002c | Inst=0x00128293 (addi    x5, x5, 1)
[2026-04-01 15:27:29.508] [info]    : RETIRE | Cycle   4965 | PC=0x00000030 | Inst=0xfe62ece3 (bltu    x5, x6, -8)
[2026-04-01 15:27:29.508] [info]    : RETIRE | Cycle   4968 | PC=0x00000028 | Inst=0x00028023 (sb      x0, 0(x5))
[2026-04-01 15:27:29.508] [info]    : RETIRE | Cycle   4969 | PC=0x0000002c | Inst=0x00128293 (addi    x5, x5, 1)
[2026-04-01 15:27:29.508] [info]    : RETIRE | Cycle   4970 | PC=0x00000030 | Inst=0xfe62ece3 (bltu    x5, x6, -8)
[2026-04-01 15:27:29.508] [info]    : RETIRE | Cycle   4973 | PC=0x00000028 | Inst=0x00028023 (sb      x0, 0(x5))
[2026-04-01 15:27:29.508] [info]    : RETIRE | Cycle   4974 | PC=0x0000002c | Inst=0x00128293 (addi    x5, x5, 1)
[2026-04-01 15:27:29.508] [info]    : RETIRE | Cycle   4975 | PC=0x00000030 | Inst=0xfe62ece3 (bltu    x5, x6, -8)
[2026-04-01 15:27:29.508] [info]    : RETIRE | Cycle   4978 | PC=0x00000028 | Inst=0x00028023 (sb      x0, 0(x5))
[2026-04-01 15:27:29.508] [info]    : RETIRE | Cycle   4979 | PC=0x0000002c | Inst=0x00128293 (addi    x5, x5, 1)
[2026-04-01 15:27:29.508] [info]    : RETIRE | Cycle   4980 | PC=0x00000030 | Inst=0xfe62ece3 (bltu    x5, x6, -8)
[2026-04-01 15:27:29.508] [info]    : RETIRE | Cycle   4983 | PC=0x00000028 | Inst=0x00028023 (sb      x0, 0(x5))
[2026-04-01 15:27:29.508] [info]    : RETIRE | Cycle   4984 | PC=0x0000002c | Inst=0x00128293 (addi    x5, x5, 1)
[2026-04-01 15:27:29.508] [info]    : RETIRE | Cycle   4985 | PC=0x00000030 | Inst=0xfe62ece3 (bltu    x5, x6, -8)
[2026-04-01 15:27:29.508] [info]    : RETIRE | Cycle   4988 | PC=0x00000028 | Inst=0x00028023 (sb      x0, 0(x5))
[2026-04-01 15:27:29.508] [info]    : RETIRE | Cycle   4989 | PC=0x0000002c | Inst=0x00128293 (addi    x5, x5, 1)
[2026-04-01 15:27:29.508] [info]    : RETIRE | Cycle   4990 | PC=0x00000030 | Inst=0xfe62ece3 (bltu    x5, x6, -8)
[2026-04-01 15:27:29.508] [info]    : RETIRE | Cycle   4993 | PC=0x00000028 | Inst=0x00028023 (sb      x0, 0(x5))
[2026-04-01 15:27:29.508] [info]    : RETIRE | Cycle   4994 | PC=0x0000002c | Inst=0x00128293 (addi    x5, x5, 1)
[2026-04-01 15:27:29.508] [info]    : RETIRE | Cycle   4995 | PC=0x00000030 | Inst=0xfe62ece3 (bltu    x5, x6, -8)
[2026-04-01 15:27:29.508] [info]    : RETIRE | Cycle   4998 | PC=0x00000028 | Inst=0x00028023 (sb      x0, 0(x5))
[2026-04-01 15:27:29.508] [info]    : RETIRE | Cycle   4999 | PC=0x0000002c | Inst=0x00128293 (addi    x5, x5, 1)
[2026-04-01 15:27:29.508] [info]    : RETIRE | Cycle   5000 | PC=0x00000030 | Inst=0xfe62ece3 (bltu    x5, x6, -8)
[2026-04-01 15:27:29.508] [info]    : Simulation completed!
[2026-04-01 15:27:29.508] [info]    :   With 5000 cycles, 2407 instructions, IPC: 0.48 after 31.964 ms
[2026-04-01 15:27:29.508] [info]    :   L1 Icache Hit Rate: 99.92 %
[2026-04-01 15:27:29.508] [info]    :   L1 Dcache Hit Rate: 93.62 %
[2026-04-01 15:27:29.684] [info]    : Coverage written to logs/coverage.dat
